/*
SQLyog Ultimate v8.6 Beta2
MySQL - 5.6.17 : Database - sim_cms
*********************************************************************
*/

/*!40101 SET NAMES utf8 */;

/*!40101 SET SQL_MODE=''*/;

/*!40014 SET @OLD_UNIQUE_CHECKS=@@UNIQUE_CHECKS, UNIQUE_CHECKS=0 */;
/*!40014 SET @OLD_FOREIGN_KEY_CHECKS=@@FOREIGN_KEY_CHECKS, FOREIGN_KEY_CHECKS=0 */;
/*!40101 SET @OLD_SQL_MODE=@@SQL_MODE, SQL_MODE='NO_AUTO_VALUE_ON_ZERO' */;
/*!40111 SET @OLD_SQL_NOTES=@@SQL_NOTES, SQL_NOTES=0 */;
CREATE DATABASE /*!32312 IF NOT EXISTS*/`sim_cms` /*!40100 DEFAULT CHARACTER SET utf8 */;

USE `sim_cms`;

/*Table structure for table `advertise` */

DROP TABLE IF EXISTS `advertise`;

CREATE TABLE `advertise` (
  `advertise_id` int(4) NOT NULL AUTO_INCREMENT,
  `advertise_name` varchar(255) DEFAULT NULL,
  `advertise_link` varchar(255) DEFAULT NULL,
  `advertise_image` varchar(255) DEFAULT NULL,
  `advertise_active` int(3) DEFAULT '1',
  `advertise_position` int(4) DEFAULT NULL,
  PRIMARY KEY (`advertise_id`)
) ENGINE=InnoDB AUTO_INCREMENT=7 DEFAULT CHARSET=utf8;

/*Data for the table `advertise` */

insert  into `advertise`(`advertise_id`,`advertise_name`,`advertise_link`,`advertise_image`,`advertise_active`,`advertise_position`) values (1,'quang cao 15','quang-cao','uploads/1447312523_quang_cao_2.jpg',1,4),(4,'Quàng cáo 4r','quangcao','uploads/1447261726_chan_quang_cao_khi_luot_web_7.jpg',1,4),(5,'Quảng cáo 6','quangcao_6','uploads/1447312596_quang_cao_3.jpg',1,4),(6,'quảng cáo 7','quang_cao_7','uploads/1447312624_quang_cao_4.jpg',1,4);

/*Table structure for table `article` */

DROP TABLE IF EXISTS `article`;

CREATE TABLE `article` (
  `article_id` int(4) NOT NULL AUTO_INCREMENT,
  `article_title` varchar(255) DEFAULT NULL,
  `article_alias` varchar(255) DEFAULT NULL,
  `article_content` text,
  `article_image` varchar(255) DEFAULT NULL,
  `article_active` int(2) DEFAULT '1',
  `article_category_id` int(5) DEFAULT NULL,
  `article_title_tag` varchar(255) DEFAULT NULL,
  `article_created` timestamp NULL DEFAULT CURRENT_TIMESTAMP,
  `article_userid_create` int(5) DEFAULT NULL,
  `article_userid_update` int(5) DEFAULT NULL,
  `article_userid_delete` int(5) DEFAULT NULL,
  `article_summary` text,
  `article_path` varchar(355) DEFAULT NULL,
  PRIMARY KEY (`article_id`)
) ENGINE=InnoDB AUTO_INCREMENT=63 DEFAULT CHARSET=utf8;

/*Data for the table `article` */

insert  into `article`(`article_id`,`article_title`,`article_alias`,`article_content`,`article_image`,`article_active`,`article_category_id`,`article_title_tag`,`article_created`,`article_userid_create`,`article_userid_update`,`article_userid_delete`,`article_summary`,`article_path`) values (7,'Ý đồ \'diệt khẩu\' của kẻ bị lộ tẩy khi ăn trộm nhà người quen','y-do-diet-khau-cua-ke-bi-lo-tay-khi-an-trom-nha-nguoi-quen','<p class=\"Normal\" style=\"margin: 0px 0px 1em; padding: 0px; line-height: 18px; text-rendering: geometricPrecision; color: #333333; font-family: arial; font-size: 14px;\">Ng&agrave;y 5/11, b&agrave; B&ugrave;i Thị Nệp, người đầu ti&ecirc;n ph&aacute;t hiện b&agrave; L&ecirc; Thị Đ&uacute;ng (x&atilde; T&acirc;n Tr&agrave;o, huyện Thanh Miện, Hải Dương) đang thoi th&oacute;p trong nh&agrave; v&agrave; l&agrave; người duy nhất được cơ quan điều tra mời đ&oacute;ng thế nạn nh&acirc;n khi dựng lại hiện trường, cho hay trưa 31/10 nghe tiếng gọi yếu ớt ph&aacute;t ra từ nh&agrave; em d&acirc;u n&ecirc;n sinh nghi vội chạy tới.</p>\r\n<p class=\"Normal\" style=\"margin: 0px 0px 1em; padding: 0px; line-height: 18px; text-rendering: geometricPrecision; color: #333333; font-family: arial; font-size: 14px;\">Thấy em bất tỉnh tr&ecirc;n giường, cho rằng bị ng&atilde; do cảm, b&agrave; Nệp k&ecirc;u người th&acirc;n tới nhưng ai cũng cho rằng b&agrave; Đ&uacute;ng đ&atilde; tử vong. B&agrave; Đ&uacute;ng sau đ&oacute; hồi tỉnh chốc l&aacute;t, giọng yếu ớt, n&oacute;i ngắt qu&atilde;ng b&aacute;o bị người t&ecirc;n H&agrave; thường đi x&acirc;y với chồng m&igrave;nh đột nhập v&agrave;o nh&agrave; s&aacute;t hại th&igrave; mọi người mới t&aacute; hỏa.</p>\r\n<p class=\"Normal\" style=\"margin: 0px 0px 1em; padding: 0px; line-height: 18px; text-rendering: geometricPrecision; color: #333333; font-family: arial; font-size: 14px;\">Theo b&agrave; Nệp, l&uacute;c thay quần &aacute;o cho b&agrave; Đ&uacute;ng để đưa cấp cứu, c&aacute;c vết thương ở v&ugrave;ng đầu mới được ph&aacute;t hiện. Sự việc nhanh ch&oacute;ng được b&aacute;o c&ocirc;ng an.</p>','uploads/1446945567_a-4543-1446806365.jpg',1,6,'diệt khẩu,giết người','2015-11-08 08:23:02',13,NULL,NULL,'Ngày 5/11, bà Bùi Thị Nệp, người đầu tiên phát hiện bà Lê Thị Đúng (xã Tân Trào, huyện Thanh Miện, Hải Dương) ','an-ninh-hinh-su/y-do-diet-khau-cua-ke-bi-lo-tay-khi-an-trom-nha-nguoi-quen.html'),(8,'Thiếu phụ đâm chết chồng vì muốn mãi được gần nhau','thieu-phu-dam-chet-chong-vi-muon-mai-duoc-gan-nhau','<p class=\"Normal\">H&ocirc;m nay, C&ocirc;ng an H&agrave; Tĩnh cho biết đủ căn cứ x&aacute;c định Ng&ocirc; Thị Hiền (24 tuổi, tr&uacute; x&atilde; Ph&uacute; Gia, huyện Hương Kh&ecirc;) l&agrave; thủ phạm giết chồng trong kh&aacute;ch sạn n&ecirc;n đ&atilde; ra quyết định khởi tố bị can, bắt tạm giam.</p>\r\n<p class=\"Normal\">Cơ quan điều tra c&aacute;o buộc, ng&agrave;y 4/11, Hiền hẹn gặp chồng l&agrave; anh Nguyễn Ngọc Quyết (25 tuổi) tại kh&aacute;ch sạn tại thị trấn Hương Kh&ecirc; (huyện Hương Kh&ecirc;) với l&yacute; do t&acirc;m sự chuyện gia đ&igrave;nh sau thời gian d&agrave;i m&acirc;u thuẫn, xa c&aacute;ch</p>\r\n<p class=\"Normal\">4h h&ocirc;m sau, thấy chồng ngủ say, Hiền uống 30 vi&ecirc;n thuốc ngủ rồi cầm dao đ&acirc;m anh n&agrave;y. G&acirc;y &aacute;n xong, Hiền bắt đầu ngấm thuốc rồi lịm đi.</p>\r\n<p class=\"Normal\">Trung &uacute;y L&ecirc; Đ&igrave;nh T&iacute;n (Đội ph&oacute; trọng &aacute;n Ph&ograve;ng cảnh s&aacute;t h&igrave;nh sự C&ocirc;ng an H&agrave; Tĩnh) kể với<em>VnExpress</em> rằng Hiền đ&atilde; để lại tại hiện trường một bức thư kể về cuộc t&igrave;nh với anh Quyết. Nội dung thể hiện cả hai quen nhau qua mai mốt rồi kết h&ocirc;n, do kh&ocirc;ng được nh&agrave; chồng chấp nhận n&ecirc;n vợ chồng hay m&acirc;u thuẫn. Hiền đau khổ thời gian d&agrave;i khi cho rằng anh Quyết c&oacute; quan hệ t&igrave;nh cảm với người kh&aacute;c trong l&uacute;c đi l&agrave;m thu&ecirc; ở miền Nam.</p>\r\n<p class=\"Normal\"><img src=\"tintuc/thieuphu.jpg\" alt=\"\" width=\"250\" height=\"323\" /></p>\r\n<p class=\"Normal\">\"Con rất y&ecirc;u anh ấy, nhưng kh&ocirc;ng biết l&agrave;m g&igrave; kh&aacute;c, mong mọi người h&atilde;y tha thứ. Con l&agrave;m việc n&agrave;y l&agrave; để cả hai được m&atilde;i m&atilde;i gần nhau. Sau khi con chết nhờ bố mẹ chăm s&oacute;c hai đứa trẻ, nếu kh&ocirc;ng nu&ocirc;i được th&igrave; gửi v&agrave;o trại trẻ mồ c&ocirc;i\", trung &uacute;y T&iacute;n n&oacute;i về lời nhắn nhủ cuối bức thư.</p>\r\n<p class=\"Normal\">Hiền sau đ&oacute; khi l&agrave;m việc với cơ quan điều tra đ&atilde; khai vợ chồng ly th&acirc;n l&acirc;u ng&agrave;y, muốn h&agrave;n gắn nhưng bố mẹ chồng ngăn cản. Do ghen, Hiền muốn giết chồng rồi tự tử.</p>\r\n<p class=\"Normal\"><img src=\"tintuc/anhthieuphu.jpg\" alt=\"\" width=\"500\" height=\"358\" /></p>\r\n<p>&nbsp;</p>\r\n<p>&nbsp;</p>','uploads/1446954072_thieuphu.jpg',1,6,'thiếu phụ giết người','2015-11-08 10:46:39',13,NULL,NULL,'Hôm nay, Công an Hà Tĩnh cho biết đủ căn cứ xác định Ngô Thị Hiền (24 tuổi, trú xã Phú Gia, huyện Hương Khê) là thủ phạm giết chồng trong khách sạn nên đã ra quyết định khởi tố bị can, bắt tạm giam.','an-ninh-hinh-su/thieu-phu-dam-chet-chong-vi-muon-mai-duoc-gan-nhau.html'),(9,'Cụ ông cầm hàng triệu tiền giả \'đổi\' lấy tiền thật','cu-ong-cam-hang-trieu-tien-gia-doi-lay-tien-that','<p>Chiều 7/11, thượng t&aacute; Nguyễn Duy Đ&ocirc;ng, Trưởng c&ocirc;ng an huyện Đức Thọ (H&agrave; Tĩnh) cho biết vừa bắt Nguyễn Văn Hợi (68 tuổi, tr&uacute; x&atilde; Gia Phố, huyện Hương Kh&ecirc;) v&igrave; h&agrave;nh vi ti&ecirc;u thụ tiền giả.</p>\r\n<p class=\"Normal\">V&agrave;o s&aacute;ng nay, một số người bu&ocirc;n b&aacute;n tại chợ H&ocirc;m (huyện Đức Thọ) tr&igrave;nh b&aacute;o tới C&ocirc;ng an huyện n&agrave;y nghi ngờ c&oacute; một cụ &ocirc;ng d&ugrave;ng tiền giả đi mua quần &aacute;o, đồ d&ugrave;ng c&aacute; nh&acirc;n.</p>\r\n<p class=\"Normal\"><img src=\"tintuc/onggiatieutiengia.jpg\" alt=\"\" width=\"250\" height=\"269\" /></p>\r\n<p class=\"Normal\">Cảnh s&aacute;t đ&atilde; theo d&otilde;i v&agrave; bắt quả tang &ocirc;ng Hợi đang d&ugrave;ng tiền giả \'đổi\' lấy tiền thật tại chợ H&ocirc;m. Kh&aacute;m x&eacute;t người, nh&agrave; chức tr&aacute;ch thu giữ 83 tờ tiền giả mệnh gi&aacute; 200.000 đồng v&agrave; 2,9 triệu đồng tiền thật.</p>\r\n<p class=\"Normal\">&Ocirc;ng Hợi khai mua số tiền giả tr&ecirc;n từ một người lạ mặt tại huyện Hương Kh&ecirc;, sau đ&oacute; d&ugrave;ng số tiền giả n&agrave;y đi mua h&agrave;ng h&oacute;a để được thối lại tiền thật.</p>\r\n<p class=\"Normal\">Vụ việc đang được mở rộng điều tra.</p>\r\n<p class=\"Normal\">&nbsp;</p>','uploads/1446954446_onggiatieutiengia.jpg',1,6,'ông già tiêu tiền giả','2015-11-08 10:49:59',13,NULL,NULL,'','an-ninh-hinh-su/cu-ong-cam-hang-trieu-tien-gia-doi-lay-tien-that.html'),(11,'Derby thành Rome: Gác lại hoài niệm, hướng về tương lai','derby-thanh-rome-gac-lai-hoai-niem-huong-ve-tuong-lai','<p class=\"Normal\">Trước thềm derby, c&aacute;c tifosi đ&oacute;n những th&ocirc;ng tin k&eacute;m vui. Mất Totti v&igrave; chấn thương nghĩa l&agrave; mất đi ch&acirc;n s&uacute;t đang ghi nhiều b&agrave;n nhất trong lịch sử c&aacute;c trận derby (11 b&agrave;n). Th&ecirc;m Miralem Pjanic phải thụ &aacute;n treo gi&ograve;, Roma mất cả ch&acirc;n chuyền số một lẫn ch&acirc;n s&uacute;t phạt h&agrave;ng r&agrave;o số một Serie A hiện tại. Nếu kh&ocirc;ng c&oacute; nốt De Rossi, Roma sẽ mất đi sức bật đ&aacute;ng kể từ tuyến hai.</p>\r\n<p class=\"Normal\">\"Chưa bao giờ buồn thế\" l&agrave; t&iacute;t của tờ <em>Corriere dello Sport</em> hai ng&agrave;y trước trận đấu, để b&agrave;y tỏ sự tiếc nuối cho những sự vắng mặt cả ở tr&ecirc;n s&acirc;n lẫn tr&ecirc;n kh&aacute;n đ&agrave;i. Bởi v&igrave; hai kh&aacute;n đ&agrave;i sau lưng khung th&agrave;nh hai đội sẽ kh&ocirc;ng c&oacute; kh&aacute;n giả. Trận derby đ&ecirc;m nay sẽ kh&ocirc;ng c&oacute; những băng r&ocirc;n cỡ lớn, &aacute;nh lửa v&agrave; những quả ph&aacute;o s&aacute;ng đ&atilde; th&agrave;nh \"đặc sản\" của Serie A.</p>\r\n<p class=\"Normal\"><img src=\"tintuc/Derby_thanh_rome.jpg\" alt=\"\" width=\"500\" height=\"300\" /></p>','uploads/1446955065_Derby_thanh_rome.jpg',1,5,'derby,thành rome','2015-11-08 10:59:52',13,NULL,NULL,'Trước thềm derby, các tifosi đón những thông tin kém vui. Mất Totti vì chấn thương nghĩa là mất đi chân sút đang ghi nhiều bàn nhất trong lịch sử các trận derby (11 bàn).','the-thao/derby-thanh-rome-gac-lai-hoai-niem-huong-ve-tuong-lai.html'),(12,'Bốn thanh niên xông vào trường học đâm chết người','bon-thanh-nien-xong-vao-truong-hoc-dam-chet-nguoi','<p>Theo điều tra, chiều h&ocirc;m trước, nghe tin ch&aacute;u m&igrave;nh bị thầy gi&aacute;o đ&aacute;nh n&ecirc;n Thanh rủ 3 người bạn đến trường THCS T&acirc;n Thuận 3 (huyện H&agrave;m Thuận Nam) để \"hỏi chuyện\".</p>\r\n<p>Thấy nh&oacute;m thanh ni&ecirc;n lạ mặt x&ocirc;ng v&agrave;o trường, anh T&aacute; đang trực bảo vệ thay cha m&igrave;nh đến y&ecirc;u cầu Thanh v&agrave; c&aacute;c bạn ra ngo&agrave;i. Lời qua tiếng lại, hai b&ecirc;n lao v&agrave;o đ&aacute;nh nhau.</p>\r\n<p>Trong l&uacute;c rượt đuổi nh&oacute;m Thanh, anh T&aacute; t&eacute; ng&atilde;. Thấy vậy, Thanh quay lại d&ugrave;ng dao đ&acirc;m nhiều nh&aacute;t khiến nạn nh&acirc;n tử vong tại chỗ.<img src=\"tintuc/bonthanhniendamchetnguoi.jpg\" alt=\"\" width=\"500\" height=\"281\" /></p>','uploads/1446955341_bonthanhniendamchetnguoi.jpg',1,6,'bốn thanh niên đâm chết người','2015-11-08 11:04:04',13,NULL,NULL,'Xông vào trường cấp 2 tìm giáo viên để \"hỏi chuyện\" việc đánh cháu mình, Thanh và đồng phạm đâm chết người trực bảo vệ','an-ninh-hinh-su/bon-thanh-nien-xong-vao-truong-hoc-dam-chet-nguoi.html'),(13,'Spieth ghi chín gậy âm, Russell Knox vươn lên dẫn đầu','spieth-ghi-chin-gay-am-russell-knox-vuon-len-dan-dau','<p class=\"Normal\">D&ugrave; kh&ocirc;ng thi đấu tốt như h&ocirc;m trước, bogey ở hai hố 10 v&agrave; 15, Knox vẫn kịp ghi s&aacute;u birdie để c&oacute; th&ecirc;m bốn gậy &acirc;m. Kết quả n&agrave;y gi&uacute;p anh đạt tổng th&agrave;nh t&iacute;ch 16 gậy &acirc;m, vươn l&ecirc;n dẫn đầu giải đấu c&ugrave;ng Kevin Kisner (Mỹ). Theo sau hai anh n&agrave;y l&agrave; nh&agrave; v&ocirc; địch HSBC Champions &nbsp;2013 Dustin Johnson v&agrave; golf thủ Trung Quốc Haotong Li, với một gậy nhiều hơn.</p>\r\n<p class=\"Normal\">Haotong Li nhận được sự cổ vũ lớn từ kh&aacute;n giả nh&agrave; v&agrave; được kỳ vọng sẽ trở th&agrave;nh golf thủ Trung Quốc c&oacute; th&agrave;nh t&iacute;ch tốt nhất tại một giải PGA Tour</p>\r\n<p class=\"Normal\"><img src=\"tintuc/spithe_ghi_9_gay.jpg\" alt=\"\" width=\"500\" height=\"300\" /></p>\r\n<p class=\"Normal\">Tr&aacute;i với phong độ bết b&aacute;t ở ng&agrave;y thi đấu thứ hai, Jordan Spieth tỏa s&aacute;ng với việc birdie nửa số hố của v&ograve;ng ba. Golf thủ hay nhất năm 2015 l&agrave; người c&oacute; th&agrave;nh t&iacute;ch tốt nhất ở ng&agrave;y thi đấu h&ocirc;m qua. Anh vươn l&ecirc;n vị tr&iacute; thứ năm với tổng th&agrave;nh t&iacute;ch 13 gậy &acirc;m, hơn Russell Knox ba gậy.</p>\r\n<p class=\"Normal\">Trong khi đ&oacute;, golf thủ số ba thế giới Rory McIlroy, d&ugrave; thi đấu tốt hơn h&ocirc;m trước, cũng chỉ đạt bốn gậy &acirc;m, bằng với th&agrave;nh t&iacute;ch của anh ở ng&agrave;y thi đấu đầu ti&ecirc;n. Điều n&agrave;y khiến McIlroy chỉ xếp thứ 21, hơn một gậy so với người đang cạnh tranh trực tiếp danh hiệu Race to Dubai với anh l&agrave; Danny Willett.</p>\r\n<p class=\"Normal\">Sau khi chơi kh&ocirc;ng tốt v&agrave; để tuột chức v&ocirc; địch Turkish Airlines Open tuần trước, McIlroy tiếp tục gặp vận rủi trong năm nay khi bị ngộ độc thực phẩm ngay trước thềm HSBC Champions. Tai nạn n&agrave;y phần n&agrave;o ảnh hưởng đến phong độ của golf thủ Bắc Ireland trong ba ng&agrave;y thi đấu vừa qua</p>','uploads/1446955508_spithe_ghi_9_gay.jpg',1,5,'spithe ghi 9 gậy','2015-11-08 11:06:25',13,NULL,NULL,'Dù không thi đấu tốt như hôm trước, bogey ở hai hố 10 và 15, Knox vẫn kịp ghi sáu birdie để có thêm bốn gậy âm','the-thao/spieth-ghi-chin-gay-am-russell-knox-vuon-len-dan-dau.html'),(14,'Vượt ải Wawrinka, Djokovic vào chung kết Paris Masters','vuot-ai-wawrinka-djokovic-vao-chung-ket-paris-masters','<p class=\"Normal\">Chuỗi 29 set thắng li&ecirc;n tục của Novak Djokovic đ&atilde; bị chặn đứng, khi anh để thua Wawrinka 3-6 trong set hai. Nhưng đ&oacute; l&agrave; tất cả những g&igrave; tay vợt người Thụy Sỹ c&oacute; thể l&agrave;m được. \"Djoker\" tỏ ra qu&aacute; mạnh ở thời điểm hiện tại, kết th&uacute;c trận b&aacute;n kết sau một giờ 51 ph&uacute;t với c&aacute;c tỷ số 6-3, 3-6, 6-0. Tay vợt số một thế giới nối d&agrave;i chuỗi trận thắng li&ecirc;n tiếp l&ecirc;n con số 21.&nbsp;</p>\r\n<p class=\"Normal\">Djokovic lần đầu ti&ecirc;n đạt cột mốc 77 trận thắng một m&ugrave;a, sau khi đ&aacute;nh bại Wawrinka. Hạt giống số một khởi đầu trận đấu rất tốt, c&oacute; break sớm v&agrave; kết th&uacute;c set một với phần thắng 6-3. Trận đấu tưởng chừng sẽ kết th&uacute;c sớm khi Djokovic tiếp tục c&oacute; break để dẫn 2-0 trong set hai. Nhưng l&uacute;c n&agrave;y Wawrinka mới v&ugrave;ng l&ecirc;n bằng lối đ&aacute;nh tấn c&ocirc;ng kh&ocirc;ng c&oacute; g&igrave; để mất. Tay vợt người Thụy Sỹ thắng năm game li&ecirc;n tục, qua đ&oacute; c&acirc;n bằng tỷ số.</p>\r\n<p class=\"Normal\"><img src=\"tintuc/dojovic_vao_chung_ket.jpg\" alt=\"\" width=\"500\" height=\"333\" /></p>','uploads/1446956395_dojovic_vao_chung_ket.jpg',1,5,'dojovic vượt ải','2015-11-08 11:22:24',13,NULL,NULL,'Chuỗi 29 set thắng liên tục của Novak Djokovic đã bị chặn đứng, khi anh để thua Wawrinka 3-6 trong set hai. Nhưng đó là tất cả những gì tay vợt người Thụy Sỹ có thể làm được.','the-thao/vuot-ai-wawrinka-djokovic-vao-chung-ket-paris-masters.html'),(15,'Sevilla - Real Madrid: Cuộc chiến khốc liệt tại Sanchez Pizjuan','sevilla-real-madrid-cuoc-chien-khoc-liet-tai-sanchez-pizjuan','<p>. Th&agrave;nh c&ocirc;ng của Real Madrid c&agrave;ng được ghi nhận khi họ li&ecirc;n tục thiếu vắng những ng&ocirc;i sao quan trọng như Ramos, Modric, Benzema hay James Rodriguez, Bale.</p>\r\n<p>Tại đấu trường Champions League, họ đ&atilde; h&ograve;a v&agrave; thắng Paris Saint Germain. D&ugrave; phải trải qua hai trận chiến đầy gian kh&oacute; nhưng th&agrave;nh quả Real Madrid thu được đầy mỹ m&atilde;n. Họ đ&atilde; ch&iacute;nh thức gi&agrave;nh v&eacute; v&agrave;o v&ograve;ng knock-out Champions League v&agrave; c&oacute; thời gian để tập trung tối đa cho đấu trường Champions League.</p>\r\n<p><img src=\"tintuc/real_madrid_thang_lien_tuc.jpg\" alt=\"\" width=\"512\" height=\"341\" /></p>\r\n<p>Sau 10 v&ograve;ng đấu La Liga, Real Madrid đang dẫn đầu bảng với 24 điểm nhưng họ chỉ hơn Barcelona về hiệu số b&agrave;n thắng. Kh&ocirc;ng chỉ mỗi Barcelona m&agrave; Celta Vigo, Atletico hay cả Villarreal đều b&aacute;m đuổi kh&aacute; s&aacute;t ở ph&iacute;a sau v&agrave; cục diện ở ng&ocirc;i đầu c&oacute; thể thay đổi nếu Real đ&aacute;nh rơi điểm đ&aacute;ng tiếc.</p>\r\n<p>V&igrave; những sức &eacute;p đ&oacute;, Real Madrid hiểu rằng họ kh&ocirc;ng được đ&aacute;nh mất điểm trong chuyến l&agrave;m kh&aacute;ch đến s&acirc;n của Sevilla. CLB xứ Andalucia mới chỉ c&oacute; được 12 điểm/10 trận, họ đang ở nh&oacute;m giữa bảng xếp hạng v&agrave; sẽ phải rất kh&oacute; khăn, nếu muốn được gi&agrave;nh v&eacute; dự C&uacute;p ch&acirc;u &Acirc;u m&ugrave;a giải tới.</p>\r\n<p>Sevilla vừa trải qua hai trận thua li&ecirc;n tục trước Man City ở Champions League v&agrave; nguy cơ bị loại rất cao. R&otilde; r&agrave;ng, đ&oacute; l&agrave; giải đấu qu&aacute; sức với Sevilla, kh&aacute;c xa với thời điểm họ l&agrave;m mưa l&agrave;m gi&oacute; tại Europa League. Việc dốc sức cho Champions League với đội b&oacute;ng kh&ocirc;ng c&oacute; lực lượng d&agrave;y như Sevilla, cũng ảnh hưởng đến phong độ của họ tại La Liga.</p>\r\n<p>Tuy vậy, Sevilla lu&ocirc;n chơi đầy hứng khởi khi gặp c&aacute;c đội b&oacute;ng mạnh tại La Liga. C&aacute;ch đ&acirc;y 1 th&aacute;ng, họ đ&atilde; đ&aacute;nh bại Barcelona tại Sanchez Pizjuan trong trận đấu họ chơi &aacute;p đảo ho&agrave;n to&agrave;n về thế trận. Kể từ 3 điểm gi&agrave;nh được trước Barca, Sevilla tho&aacute;t khỏi nh&oacute;m cuối bảng v&agrave; dần hồi phục về phong độ.</p>\r\n<p>Sanchez Pizjuan l&agrave; &ldquo;tử địa&rdquo; khiến nhiều đội b&oacute;ng cảm thấy e sợ v&agrave; Real Madrid cũng kh&ocirc;ng phải l&agrave; ngoại lệ. Điều thuận lợi cho Real Madrid l&agrave; Sevilla cũng phải chinh chiến vất vả ở Champions League n&ecirc;n &ldquo;kền kền trắng&rdquo; kh&ocirc;ng phải lo lắng về việc đuối hơn về thể lực đ&ecirc;m nay</p>','uploads/1446992209_real_madrid_thang_lien_tuc.jpg',1,5,'real madrid thắng liên tục','2015-11-08 21:18:34',13,NULL,NULL,'Real Madrid đã trải qua những chiến thắng liên tục tại La Liga để bảo toàn ngôi đầu bảng và họ không bị sảy chân thêm lần nào kể từ trận hòa Atletico','the-thao/sevilla-real-madrid-cuoc-chien-khoc-liet-tai-sanchez-pizjuan.html'),(16,'Nghi vấn Mourinho lách luật để điều binh khiển tướng','nghi-van-mourinho-lach-luat-de-dieu-binh-khien-tuong','<p>Như đ&atilde; biết, HLV Mourinho đ&atilde; bị cấm chỉ đạo ở trận đấu gặp Stoke City bởi &aacute;n phạt từ LĐBĐ Anh (FA). Tuy nhi&ecirc;n, tờ Daily Mail đ&atilde; đưa ra v&agrave;i bằng chứng cho thấy &ldquo;Người đặc biệt&rdquo; đ&atilde; l&aacute;ch luật để li&ecirc;n lạc với trợ l&yacute;</p>\r\n<p><img src=\"tintuc/morinho_lach_luat.jpg\" alt=\"\" width=\"455\" height=\"300\" /></p>\r\n<p>Trong trận đấu với Stoke City, trợ l&yacute; Steve Holland đ&atilde; bị ph&aacute;t hiện giữ khư khư một m&aacute;y bộ đ&agrave;m cỡ nhỏ (được giấu trong cuốn sổ). Dụng cụ n&agrave;y được Steve Holland mang v&agrave;o s&acirc;n kh&ocirc;ng nằm ngo&agrave;i mục đ&iacute;ch nghe chỉ đạo từ HLV Mourinho.</p>','uploads/1446992726_morinholachluat2.jpg',1,5,'morinho lách luật','2015-11-08 21:27:14',13,NULL,NULL,'Như đã biết, HLV Mourinho đã bị cấm chỉ đạo ở trận đấu gặp Stoke City bởi án phạt từ LĐBĐ Anh (FA). Tuy nhiên, tờ Daily Mail đã đưa ra vài bằng chứng cho thấy','the-thao/nghi-van-mourinho-lach-luat-de-dieu-binh-khien-tuong.html'),(17,'Djokovic, Murray tiến vào chung kết','djokovic-murray-tien-vao-chung-ket','<p>Djokovic v&agrave; Wawrinka đều rất mất sức ở v&ograve;ng tứ kết d&ugrave; cả hai đều chỉ phải thi đấu hai set. Đ&oacute; đều l&agrave; những trận đấu c&oacute; c&aacute;c set quyết định thắng thua bằng loạt tie-break đầy căng thẳng. Ch&iacute;nh v&igrave; thế người h&acirc;m mộ cả hai tay vợt n&agrave;y đều kh&oacute; lo lắng khi cả hai chỉ c&oacute; khoảng 1 ng&agrave;y để nghỉ ngơi</p>\r\n<p><img src=\"tintuc/dojovic_vao_chung_ket.jpg\" alt=\"\" width=\"500\" height=\"333\" /></p>\r\n<p style=\"text-align: justify;\">Wawrinka khởi đầu trận b&aacute;n kết kh&aacute; chệch choạc, ngay game đầu ti&ecirc;n cầm giao b&oacute;ng anh đ&atilde; cho đối phương cơ hội bẻ game, tuy nhi&ecirc;n giai đoạn cuối game, tay vợt người Thụy Sĩ đ&atilde; chơi tốt v&agrave; bảo vệ game th&agrave;nh c&ocirc;ng. Tới game 4, Djokovic li&ecirc;n tục vươn l&ecirc;n dẫn điểm v&agrave; nhanh ch&oacute;ng c&oacute; hai break-point, Wawrinka chỉ cứu break được một lần trước khi để đối thủ bẻ game.</p>\r\n<p style=\"text-align: justify;\">Bước ngoặt của set thứ nhất được mở ra v&agrave; với ba set cầm giao b&oacute;ng tốt, Djokovic đ&atilde; gi&agrave;nh chiến thắng 6-3 trong set đầu.</p>\r\n<p style=\"text-align: justify;\">Wawrinka khởi đầu set thứ hai tiếp tục với phong độ bất ổn, anh mất game v&agrave; để đối thủ dẫn trước 2-0 dễ d&agrave;ng. Nhưng Djokovic cũng kh&ocirc;ng ổn định, tay vợt người Serbia thua liền bốn game trong đ&oacute; bị mất 2 break v&agrave; để đối thủ dẫn ngược lại 4-2. Tới game 7, Djokovic dẫn trước tới 40-15, nhưng anh kh&ocirc;ng thể kết th&uacute;c v&agrave; để đối thủ bảo vệ game th&agrave;nh c&ocirc;ng.</p>\r\n<p style=\"text-align: justify;\">Khi tiến l&ecirc;n được tỉ số 5-2, Wawrinka thực sự thảnh thơi, bất chấp Nole r&uacute;t ngắn tỉ số xuống 3-5 th&igrave; tay vợt người Thụy Sĩ đ&atilde; tự quyết định chiến thắng 6-3 bằng một game thắng trắng.</p>\r\n<p style=\"text-align: justify;\">Tỉ số được c&acirc;n bằng, nhưng chỉ c&oacute; Nole t&igrave;m lại được sự c&acirc;n bằng trong khi chiến thắng ở set hai kh&ocirc;ng gi&uacute;p cho Wawrinka bừng s&aacute;ng hơn. Tay vợt người Thụy Sĩ tiếp tục mất break ngay game đầu ti&ecirc;n cầm giao b&oacute;ng, lần n&agrave;y Nole b&igrave;nh tĩnh để nới rộng tỉ số l&ecirc;n th&agrave;nh 3-0. &Aacute;p lực đ&egrave; nặng khiến Wawrinka tiếp tục mất game v&agrave; kết quả anh thua trắng set n&agrave;y (0-6). Tổng thời gian của trận đấu n&agrave;y l&agrave; 1 giờ 53 ph&uacute;t.</p>\r\n<p>Điểm chưa tốt của Djokovic ở trận đấu n&agrave;y tiếp tục l&agrave; giao b&oacute;ng hai, anh chỉ c&oacute; 50% điểm số khi phải giao b&oacute;ng lại. Như vậy c&oacute; thể thấy, trong cả ba trận đấu gần đ&acirc;y nhất của Nole, tay vợt người Serbia đang kh&ocirc;ng chơi kh&ocirc;ng hiệu quả khi phải giai b&oacute;ng lại</p>','uploads/1446992874_dokovic-murray-tien-vao-chung-ket.jpg',1,5,'dojovic vào chung kết','2015-11-08 21:29:38',13,NULL,NULL,'Djokovic và Wawrinka đều rất mất sức ở vòng tứ kết dù cả hai đều chỉ phải thi đấu hai set','the-thao/djokovic-murray-tien-vao-chung-ket.html'),(18,'Bayern Munich 4-0 Stuttgart: Hùm xám giương oai','bayern-munich-4-0-stuttgart-hum-xam-giuong-oai','<p>H&agrave;nh qu&acirc;n đến s&acirc;n Allianz Arena của g&atilde; khổng lồ Bayern Munich, HLV Stuttgart Alexander Zorniger quyết định g&acirc;y bất ngờ cho đối phương bằng c&aacute;ch lựa chọn lối chơi tấn c&ocirc;ng th&ocirc;ng qua sơ đồ 3-2-4-1. Tuy nhi&ecirc;n, sự t&aacute;o bạo n&agrave;y lại phản t&aacute;c dụng, Stuttgart bị thầy tr&ograve; Pep Guardiola đ&egrave; bẹp ngay từ hiệp đấu đầu ti&ecirc;n. Trong nửa đầu trận đấu n&agrave;y, đội chủ nh&agrave; tung ra đến 23 c&uacute; dứt điểm v&agrave; sớm kết liễu đối thủ với tỉ số 4-0.</p>\r\n<p>Những cầu thủ lập c&ocirc;ng cho Bayern ch&iacute;nh l&agrave; bộ tứ tr&ecirc;n h&agrave;ng c&ocirc;ng Robben, Douglas Costa, Thomas Mueller v&agrave; Robert Lewandowski. Trong đ&oacute;, t&acirc;n binh người Brazil tiếp tục thể hiện phong độ cực kỳ ấn tượng. Ngo&agrave;i b&agrave;n thắng nh&acirc;n đ&ocirc;i c&aacute;ch biệt đẹp mắt, Douglas c&ograve;n in dấu gi&agrave;y trong hai b&agrave;n thắng kh&aacute;c của đội chủ nh&agrave;.</p>\r\n<p>Đ&acirc;y cũng l&agrave; tỉ số cuối c&ugrave;ng của trận đấu khi Bayern Munich chủ động giảm nhịp độ trận đấu trong hiệp hai. Nhờ chiến thắng n&agrave;y, c&aacute;c nh&agrave; ĐKVĐ Bundesliga tạm thời nới rộng khoảng c&aacute;ch với đội xếp thứ hai Dortmund l&ecirc;n th&agrave;nh 8 điểm. Sau 12 v&ograve;ng đấu, &ldquo;h&ugrave;m x&aacute;m&rdquo; đ&atilde; c&oacute; trong tay 34 điểm, ghi được 37 b&agrave;n thắng v&agrave; chỉ mới để lọt lưới vỏn vẹn 4 b&agrave;n.</p>\r\n<p><img src=\"tintuc/bayern-munich-40-stuttgart-hum-xam-giuong-oai.jpg\" alt=\"\" width=\"400\" height=\"300\" /></p>\r\n<p>Trận n&agrave;y, Pep Guardiola tiếp tục thực hiện chiến lược xoay tua lực lượng. So với m&agrave;n hủy diệt Arsenal hồi giữa tuần, đội h&igrave;nh xuất ph&aacute;t của Bayern Munich c&oacute; đến 4 sự thay đổi. Bao gồm Kimmich, Rafinha, Robben v&agrave; Vidal thay cho Lahm, Javi Martinez, Thiago v&agrave; Xabi Alonso.</p>\r\n<p>Sau tiếng c&ograve;i khai cuộc, c&aacute;c cầu thủ đội chủ nh&agrave; phần n&agrave;o bị bất ngờ trước c&aacute;ch nhập cuộc t&aacute;o bạo của Stuttgart. Tuy vậy, với đẳng cấp qu&aacute; ch&ecirc;nh lệch, Bayern Munich nhanh ch&oacute;ng lấy lại sự chủ động v&agrave; thậm ch&iacute; sớm kết liễu đối thủ ngay trong hiệp một.</p>\r\n<p>Ph&uacute;t 11, v&igrave; qu&aacute; mải m&ecirc; d&acirc;ng cao tấn c&ocirc;ng, Stuttgart d&iacute;nh đ&ograve;n phản c&ocirc;ng của đội chủ nh&agrave;. Trong một t&igrave;nh huống 5 đ&aacute;nh hai, Douglas Costa sử dụng tốc độ xuy&ecirc;n ph&aacute; b&ecirc;n h&agrave;nh lang c&aacute;nh phải rồi căng ngang v&agrave;o b&ecirc;n trong cho Robben dễ d&agrave;ng d&ugrave;ng&hellip;bụng đưa b&oacute;ng v&agrave;o lưới.</p>\r\n<p>Sau b&agrave;n mở tỉ số, trận đấu trở n&ecirc;n rất dễ d&agrave;ng đối với đội chủ nh&agrave; khi kế hoạch tạo bất ngờ của đội kh&aacute;ch đ&atilde; bị ph&aacute; sản. Bayern Munich &aacute;p đảo về thời gian kiểm so&aacute;t b&oacute;ng cũng như li&ecirc;n tục tạo ra những t&igrave;nh huống h&atilde;m th&agrave;nh. Lewandowski (15) v&agrave; Mueller (16) lần lượt g&acirc;y s&oacute;ng gi&oacute; về ph&iacute;a khung th&agrave;nh đối phương trước khi Douglas Costa nh&acirc;n đ&ocirc;i c&aacute;ch biệt ở ph&uacute;t 18 với c&uacute; đ&aacute; ch&eacute;o g&oacute;c quyết đo&aacute;n.</p>\r\n<p>Những ph&uacute;t tiếp theo, Bayern Munich tiếp tục tạo ra h&agrave;ng t&aacute; cơ hội ghi b&agrave;n về ph&iacute;a khung th&agrave;nh Stuttgart. Tuy nhi&ecirc;n, sự v&ocirc; duy&ecirc;n của c&aacute;c cầu thủ khiến đội chủ nh&agrave; chỉ c&oacute; th&ecirc;m hai b&agrave;n thắng nữa do c&ocirc;ng của song s&aacute;t Lewandowski (37&rsquo;) v&agrave; Mueller (40&rsquo;)</p>','uploads/1446993053_bayern-munich-40-stuttgart-hum-xam-giuong-oai.jpg',1,5,'bayern ','2015-11-08 21:32:34',13,NULL,NULL,'Sau cú sẩy chân ở vòng đấu thứ 11 trước Frankfurt, Bayern Munich nhanh chóng trở lại hình ảnh kẻ hủy diệt với chiến thắng tưng bừng 4-0 trước Stuttgart trên sân nhà Allianz Arena','the-thao/bayern-munich-4-0-stuttgart-hum-xam-giuong-oai.html'),(19,'Man Utd 2-0 West Brom: ','man-utd-2-0-west-brom-cuu-tinh-mang-ten-lingard','<p><strong>Ph&uacute;t 90</strong>: Phản c&ocirc;ng nhanh cho Man Utd, Martial lao v&agrave;o trong v&ograve;ng cấm địa v&agrave; McAuley đ&atilde; phạm lỗi với tiền đạo người Ph&aacute;p. Trọng t&agrave;i r&uacute;t thẻ đỏ đuổi McAuley v&agrave; cho Man Utd quả phạt đền. Mata đ&atilde; thực hiện ch&iacute;nh x&aacute;c quả 11m để n&acirc;ng tỉ số l&ecirc;n 2-0</p>\r\n<p style=\"text-align: justify;\"><strong>h&uacute;t 87</strong>: Mata lao v&agrave;o bắt v&ocirc; l&ecirc; ở b&ecirc;n phải v&ograve;ng cấm địa đưa b&oacute;ng đi vọt x&agrave;. Vị tr&iacute; dứt điểm kh&aacute; thuận lợi, tuy nhi&ecirc;n sẽ tốt cho cầu thủ thuận ch&acirc;n phải, c&ograve;n với người thuận ch&acirc;n tr&aacute;i như Mata th&igrave; ngược lại</p>\r\n<p style=\"text-align: justify;\"><strong>(82\')</strong>: Man Utd thay người Herrera v&agrave;o thay Rooney</p>\r\n<p style=\"text-align: justify;\"><strong>Ph&uacute;t 81</strong>: Lingard c&oacute; pha đi b&oacute;ng xuy&ecirc;n hai cầu thủ của West Brom v&agrave; ng&atilde; trong v&ograve;ng cấm địa, nhưng trong t&agrave;i kh&ocirc;ng thổi phạt đền</p>\r\n<p style=\"text-align: justify;\"><strong>Ph&uacute;t 78</strong>: Từ quả tạt b&oacute;ng của Mata, Evans đ&atilde; để b&oacute;ng chạm tay ở ngay s&aacute;t v&ograve;ng cấm địa. Đ&aacute;ng ra phải c&oacute; một quả phạt cho đội chủ nh&agrave; nhưng trọng t&agrave;i lại kh&ocirc;ng bắt lỗi</p>\r\n<p style=\"text-align: justify;\"><strong>(76\')</strong>: Man Utd thay người. Borthwick-Jackson v&agrave;o thay Rojo</p>\r\n<p style=\"text-align: justify;\"><strong>Ph&uacute;t 74</strong>: Downson tạt b&oacute;ng từ b&ecirc;n phải v&agrave;o trong v&ograve;ng cấm địa cho Berahino băng v&agrave;o đ&aacute;nh đầu, đ&aacute;ng tiếc tiền đạo mới v&agrave;o s&acirc;n của đội kh&aacute;ch tiếp b&oacute;ng kh&ocirc;ng tốt, b&oacute;ng chạm đỉnh đầu v&agrave; vọt x&agrave; ngang. Nếu Berahino đ&aacute;nh đầu tốt khả năng sẽ c&oacute; b&agrave;n thắng, bởi anh dứt điểm từ c&aacute;ch khung th&agrave;nh chừng 4m, lại trực diện cầu m&ocirc;n</p>\r\n<p style=\"text-align: justify;\"><strong>(71\'</strong>): West Brom thay người. Lambert, Berahino v&agrave;o thay Morrison v&agrave; Rondo</p>\r\n<p style=\"text-align: justify;\"><img src=\"tintuc/man-utd-20-west-brom-cuu-tinh-mang-ten-lingard.JPG\" alt=\"\" width=\"574\" height=\"413\" /></p>','uploads/1446993230_man-utd-20-west-brom-cuu-tinh-mang-ten-lingard.JPG',1,5,'man ut vị cứu tinh','2015-11-08 21:35:06',13,NULL,NULL,'Tiền vệ trẻ của Man Utd - Lingard tỏa sáng với cú dứt điểm bất ngờ để đem đến bàn thắng mở tỉ số ở phút 52. Đó là bước ngoặt của trận đấu, mở toang cánh cửa tới chiến thắng cho \"Quỷ đỏ\". Bàn còn lại được Mata ghi từ chấm 11m ở phút 90','the-thao/man-utd-2-0-west-brom-cuu-tinh-mang-ten-lingard.html'),(20,'Lộ nguyên nhân khiến Mourinho bị đuổi ở trận gặp West Ham','lo-nguyen-nhan-khien-mourinho-bi-duoi-o-tran-gap-west-ham','<p>Nguy&ecirc;n nh&acirc;n Jose Mourinho bị đuổi l&ecirc;n kh&aacute;n đ&agrave;i trong thời gian nghỉ giữa hiệp trận Chelsea thua West Ham được quan t&acirc;m rất nhiều trong thời gian qua. V&agrave; đến h&ocirc;m qua, Li&ecirc;n đo&agrave;n b&oacute;ng đ&aacute; Anh (FA) đ&atilde; cho c&ocirc;ng bố bản b&aacute;o c&aacute;o sau trận, qua đ&oacute; l&agrave;m r&otilde; hơn những g&igrave; đ&atilde; xảy ra trong đường hầm giữa vị chiến lược gia người Bồ Đ&agrave;o Nha v&agrave; trọng t&agrave;i.</p>\r\n<p><img src=\"tintuc/lo-nguyen-nhan-khien-mourinho-bi-duoi-o-tran-gap-west-ham.jpg\" alt=\"\" width=\"400\" height=\"250\" /></p>\r\n<p>Trong bản b&aacute;o c&aacute;o, &ocirc;ng Jonathan Moss, trọng t&agrave;i ch&iacute;nh điều khiển trận đấu cho biết: &ldquo;Sau khi hiệp 1 kết th&uacute;c, t&ocirc;i v&agrave; c&aacute;c trọng t&agrave;i kh&aacute;c v&agrave;o đường hầm về ph&ograve;ng thay đồ. Mourinho đ&atilde; đứng đợi sẵn để truy hỏi những quyết định của t&ocirc;i trong hiệp 1&rdquo;.</p>\r\n<p>&ldquo;Thay v&igrave; n&oacute;i chuyện c&ocirc;ng khai, t&ocirc;i mời &ocirc;ng ta đến lối v&agrave;o ph&ograve;ng thay đồ của ch&uacute;ng t&ocirc;i, với sự hộ tống của trưởng ban an ninh West Ham, Simon Sutton. Mourinho hỏi t&ocirc;i về c&uacute; v&agrave;o b&oacute;ng của Matic, pha việt vị v&agrave; t&igrave;nh huống b&oacute;ng đ&atilde; đi qua vạch v&ocirc;i. T&ocirc;i giải th&iacute;ch ngắn gọn rồi y&ecirc;u cầu &ocirc;ng ta rời khỏi ph&ograve;ng thay đồ của ch&uacute;ng t&ocirc;i.</p>\r\n<p>&ldquo;Tuy nhi&ecirc;n, &ocirc;ng ta kh&ocirc;ng chấp nhận. T&ocirc;i buộc phải nhờ Sutton hộ tống &ocirc;ng ta ra ngo&agrave;i. Đến l&uacute;c n&agrave;y, Mourinho tỏ vẻ rất hung hăng v&agrave; ầm ĩ. &Ocirc;ng ta h&eacute;t l&ecirc;n: &ldquo;Trọng t&agrave;i c&aacute;c &ocirc;ng thật yếu đuối. Wenger n&oacute;i đ&uacute;ng m&agrave;. C&aacute;c &ocirc;ng thật yếu đuối&rdquo;. T&ocirc;i đ&atilde; khuy&ecirc;n Mourinho kh&ocirc;ng n&ecirc;n để bị truất quyền chỉ đạo nhưng kh&ocirc;ng th&agrave;nh.&rdquo; Trong những c&acirc;u n&oacute;i của Người đặc biệt c&ograve;n ch&egrave;n th&ecirc;m những từ tục tĩu.</p>\r\n<p>V&igrave; h&agrave;nh vi n&agrave;y, Mourinho nhận &aacute;n phạt cấm chỉ đạo trận đấu giữa Chelsea v&agrave; Stoke cuối tuần n&agrave;y v&agrave; 40 ng&agrave;n bảng v&igrave; h&agrave;nh vi &ldquo;thiếu t&ocirc;n trọng người điều khiển trận đấu&rdquo;. Sau khi nhận &aacute;n phạt, Mourinho chia sẻ trước b&aacute;o giời rằng &ocirc;ng sẽ ngồi ở một g&oacute;c phố v&agrave; theo d&otilde;i trận đấu qua Ipad</p>','uploads/1446993345_lo-nguyen-nhan-khien-mourinho-bi-duoi-o-tran-gap-west-ham.jpg',1,5,'morinho bị đuổi','2015-11-08 21:37:11',13,NULL,NULL,'FA vừa cho công bố bản báo cáo sau trận West Ham và Chelsea ngày 24/10, qua đó tiết lộ nguyên nhân huấn luyện viên Jose Mourinho bị truất quyền chỉ đạo','the-thao/lo-nguyen-nhan-khien-mourinho-bi-duoi-o-tran-gap-west-ham.html'),(21,'FIFA công bố 10 đề cử giải Puskas: Vinh danh Messi?','fifa-cong-bo-10-de-cu-giai-puskas-vinh-danh-messi','<p>Sau khi c&ocirc;ng bố đề cử danh hiệu Quả b&oacute;ng v&agrave;ng hay HLV xuất sắc nhất thế giới, FIFA vừa đưa ra 10 đề cử cho giải Puskas (B&agrave;n thắng đẹp nhất) năm 2015. Trong đ&oacute;, Messi đang trở th&agrave;nh ứng cử vi&ecirc;n nặng k&yacute; cho danh hiệu n&agrave;y. &ldquo;Si&ecirc;u sao&rdquo; người Argentina đ&atilde; g&acirc;y ấn tượng mạnh mẽ với pha solo từ giữa s&acirc;n trong trận đấu với Athletico Bilbalo</p>\r\n<p><img src=\"tintuc/fifa-cong-bo-10-de-cu-giai-puskas-vinh-danh-messi.jpg\" alt=\"\" width=\"455\" height=\"303\" /></p>\r\n<p>Ngo&agrave;i ra, Alessandro Florenzi với b&agrave;n thắng ngẫu hứng từ giữa s&acirc;n trong trận gặp Barcelona cũng được đ&aacute;nh gi&aacute; rất cao. Những b&agrave;n thắng của Gonzalo Castro (v&ocirc; l&ecirc; kiểu Van Basten), nữ tuyển thủ đội Mỹ Carli Lloyd (dứt điểm từ giữa s&acirc;n), Wendell Lira (m&oacute;c b&oacute;ng điệu nghệ)&hellip; mang tới kh&aacute; nhiều x&uacute;c cảm.</p>\r\n<p>FIFA sẽ dựa tr&ecirc;n số phiếu bầu của người h&acirc;m mộ (tr&ecirc;n trang chủ FIFA) để quyết định người thắng cuộc. Danh s&aacute;ch r&uacute;t gọn 3 đề cử sẽ được c&ocirc;ng bố v&agrave;o ng&agrave;y 30/11 v&agrave; chủ nh&acirc;n của giải thưởng n&agrave;y sẽ được vinh danh trong đ&ecirc;m Gala trao giải Quả b&oacute;ng v&agrave;ng v&agrave;o ng&agrave;y 11/1 năm sau.</p>\r\n<p>Năm ngo&aacute;i, tiền vệ của Real Madrid, James Rodriguez đ&atilde; nhận giải thưởng n&agrave;y với pha v&ocirc; l&ecirc; tuyệt đỉnh v&agrave;o lưới của Uruguay ở World Cup 2014</p>','uploads/1446993492_fifa-cong-bo-10-de-cu-giai-puskas-vinh-danh-messi.jpg',1,5,'fifa đề cử giải cho messi','2015-11-08 21:39:38',13,NULL,NULL,'Pha solo của Messi đã lọt vào danh sách 10 đề cử giải Puskas (Bàn thắng đẹp nhất) của FIFA. Ngoài ra, những pha lập công của Alessandro Florenzi, Gonzalo Castro hay nữ tuyển thủ Carli Lloyd cũng được vinh danh.','the-thao/fifa-cong-bo-10-de-cu-giai-puskas-vinh-danh-messi.html'),(22,'Mâu thuẫn trong cuộc nhậu, anh trai đâm chết em ruột','mau-thuan-trong-cuoc-nhau-anh-trai-dam-chet-em-ruot','<p>Th&ocirc;ng tin ban đầu được biết, s&aacute;ng&nbsp;ng&agrave;y 8/11, Trương Thanh Ho&agrave;ng v&agrave; Trương Thế H&ugrave;ng (47 tuổi, l&agrave; em ruột của Ho&agrave;ng c&ugrave;ng ngụ tại tổ d&acirc;n phố 7,TT Di Linh) tổ chức uống rượu tại nh&agrave;.</p>\r\n<p>Đến trưa c&ugrave;ng ng&agrave;y, khi đ&atilde; say, hai người xảy ra c&atilde;i v&atilde; v&agrave; x&ocirc; x&aacute;t lẫn nhau. Theo những người chứng kiến, do bất đồng &yacute; kiến về chuyện tranh chấp đất đai,&nbsp;sẵn c&oacute; men rượu trong người Ho&agrave;ng đ&atilde; d&ugrave;ng dao đ&acirc;m v&agrave;o v&ugrave;ng cổ anh H&ugrave;ng.</p>\r\n<p><img src=\"tintuc/mau-thuan-trong-cuoc-nhau-anh-trai-dam-chet-em-ruot.jpg\" alt=\"\" width=\"450\" height=\"300\" /></p>\r\n<p>Sau khi đ&acirc;m em ruột m&igrave;nh, Ho&agrave;ng hoảng loạn chạy qua nh&agrave; h&agrave;ng x&oacute;m nhờ đưa H&ugrave;ng đi cấp cứu. Tuy nhi&ecirc;n khi qua đến nơi, mọi người ph&aacute;t hiện anh H&ugrave;ng đ&atilde; chết. Nguy&ecirc;n nh&acirc;n anh H&ugrave;ng tử vong được x&aacute;c định l&agrave; bị đứt động mạch cổ.</p>\r\n<p>Nhận được tin b&aacute;o, c&ocirc;ng an huyện Di Linh (L&acirc;m Đồng) đ&atilde; c&oacute; mặt tại hiện trường tạm giữ Trương Thanh Ho&agrave;ng để phục vụ điều tra.</p>\r\n<p>Hiện vụ việc đang được lực lượng chức năng tiếp tục điều tra v&agrave; l&agrave;m r&otilde;</p>','uploads/1446993642_mau-thuan-trong-cuoc-nhau-anh-trai-dam-chet-em-ruot.jpg',1,6,'đâm chết em,mâu thuẫn anh em','2015-11-08 21:42:04',13,NULL,NULL,'Ngày 8/11, thông tin từ cơ quan công an huyện Di Linh (Lâm Đồng), hiện đơn vị đang tạm giữ Trương Thanh Hoàng (49 tuổi, ngụ tại tổ dân phố 7, thị trấn Di Linh) để điều tra về hành vi giết người, đáng chú ý nạn nhân bị giết chính là em ruột của Hoàng','an-ninh-hinh-su/mau-thuan-trong-cuoc-nhau-anh-trai-dam-chet-em-ruot.html'),(23,'Nhiều đại gia mất tích bí ẩn sau khi ngân hàng cho vay','nhieu-dai-gia-mat-tich-bi-an-sau-khi-ngan-hang-cho-vay','<p>Trong số n&agrave;y, c&oacute; &ldquo;đại gia&rdquo; từng l&agrave; đại biểu HĐND tỉnh. Điểm chung nhất l&agrave; những &ldquo;đại gia&rdquo; bị &ldquo;xộ kh&aacute;m&rdquo; trong những ng&agrave;y vừa qua đều c&oacute; c&ugrave;ng h&agrave;nh vi lừa đảo v&agrave; bị hại của họ lại l&agrave; một số ng&acirc;n h&agrave;ng từng l&agrave; &ldquo;&acirc;n nh&acirc;n&rdquo; gi&uacute;p họ được danh &ldquo;đại gia&rdquo;&hellip;</p>\r\n<p>&ldquo;Đại gia&rdquo; m&agrave; CQĐT C&ocirc;ng an tỉnh C&agrave; Mau vừa tiến h&agrave;nh bắt, giam giữ v&agrave;o tối 29/10&nbsp; về h&agrave;nh vi &ldquo;Lừa đảo chiếm đoạt t&agrave;i sản&rdquo; l&agrave; D&acirc;n &ldquo;c&aacute;t v&agrave;ng&rdquo;, tức Trần Thanh D&acirc;n - Gi&aacute;m đốc C&ocirc;ng ty TNHH C&aacute;t V&agrave;ng.</p>\r\n<p>Cuối năm 2010, D&acirc;n nhờ một số c&aacute;n bộ Ng&acirc;n h&agrave;ng Ph&aacute;t triển Việt Nam - Chi nh&aacute;nh Minh Hải (VDB Minh Hải) lập chứng thư bảo l&atilde;nh để &ocirc;ng ta thực hiện hợp đồng t&iacute;n dụng với Ng&acirc;n h&agrave;ng TMCP Đầu tư v&agrave; Ph&aacute;t triển Việt Nam - Chi nh&aacute;nh C&agrave; Mau (BIDV C&agrave; Mau) vay 9 tỷ đồng, thời hạn l&agrave; 12 th&aacute;ng, l&atilde;i suất 17,5%/năm để thực hiện hợp đồng kinh tế với C&ocirc;ng ty Kh&aacute;nh Lu&acirc;n mua 200.000m&sup3; c&aacute;t. Sau khi vay được tiền, D&acirc;n tho&aacute;i th&aacute;c tr&aacute;ch nhiệm trả nợ n&ecirc;n BIDV C&agrave; Mau đề nghị cơ quan chức năng l&agrave;m r&otilde;.</p>\r\n<p><img src=\"tintuc/nhieu-dai-gia-mat-tich-bi-an-sau-khi-cho-ngan-hang-sap-bay-.jpg\" alt=\"\" width=\"306\" height=\"400\" /></p>\r\n<p>Ng&agrave;y 30/9/2014, TAND huyện C&aacute;i Nước tuy&ecirc;n buộc C&ocirc;ng ty C&aacute;t V&agrave;ng trả hơn 13 tỷ đồng (gồm cả vốn lẫn l&atilde;i) cho BIDV C&agrave; Mau. Nếu trường hợp C&ocirc;ng ty C&aacute;t V&agrave;ng kh&ocirc;ng thực hiện nghĩa vụ trả nợ th&igrave; VDB Minh Hải thanh to&aacute;n số nợ tr&ecirc;n.</p>\r\n<p>Tuy nhi&ecirc;n, ph&iacute;a VDB kh&ocirc;ng đồng &yacute;. CQĐT C&ocirc;ng an C&agrave; Mau đ&atilde; v&agrave;o cuộc, ph&aacute;t hiện để chiếm tiền tỷ của BIDV Minh Hải, Trần Thanh D&acirc;n đ&atilde; lập hợp đồng khống với C&ocirc;ng ty Kh&aacute;nh Lu&acirc;n. V&agrave; do hợp đồng khống n&ecirc;n c&aacute;c h&oacute;a đơn sau đ&oacute; cũng khống. C&ocirc;ng ty Kh&aacute;nh Lu&acirc;n cũng như chủ s&agrave; lan c&aacute;t khai nhận với CQĐT kh&ocirc;ng hề c&oacute; thực hiện hợp đồng n&agrave;o với C&ocirc;ng ty C&aacute;t V&agrave;ng.</p>\r\n<p>Cũng trong những ng&agrave;y cuối th&aacute;ng 10/2015, Cục Cảnh s&aacute;t truy n&atilde; tội phạm (Bộ C&ocirc;ng an) phối hợp c&ugrave;ng C&ocirc;ng an 2 tỉnh C&agrave; Mau, An Giang v&agrave; Cảnh s&aacute;t Ho&agrave;ng gia Campuchia đ&atilde; bắt được &ldquo;đại gia&rdquo; Nguyễn Hữu Th&agrave;nh - nguy&ecirc;n Tổng Gi&aacute;m đốc C&ocirc;ng ty CP Thực phẩm Đại Dương c&ugrave;ng vợ l&agrave; V&otilde; Thị Kiều Oanh - Gi&aacute;m đốc C&ocirc;ng ty TNHH TM v&agrave; XK Nam Th&agrave;nh.</p>\r\n<p>B&agrave; Oanh bị cơ quan CSĐT C&ocirc;ng an tỉnh C&agrave; Mau truy n&atilde; đặc biệt to&agrave;n quốc theo Quyết định truy n&atilde; số 03/PC44, ng&agrave;y 6/3/2014 về h&agrave;nh vi &ldquo;Lừa đảo chiếm đoạt t&agrave;i sản&rdquo;.</p>\r\n<p>Trước khi bị bắt, &ocirc;ng Th&agrave;nh c&ugrave;ng vợ lẩn trốn ở khu vực gi&aacute;p bi&ecirc;n giữa tỉnh An Giang với tỉnh Cần Đal (Vương quốc Campuchia). B&agrave; Oanh mở qu&aacute;n ăn, rất &iacute;t khi về nước; c&ograve;n &ocirc;ng Th&agrave;nh mỗi khi qua lại bi&ecirc;n giới thường cải trang th&agrave;nh một &ocirc;ng chủ chuy&ecirc;n doanh&hellip; đặc sản nước mắm.</p>\r\n<p>Theo kết quả điều tra, trước khi bị bắt, &ocirc;ng Th&agrave;nh đ&atilde; lập n&ecirc;n C&ocirc;ng ty TNHH TM&amp;XNK Nam Th&agrave;nh v&agrave; giao cho vợ l&agrave;m gi&aacute;m đốc. Năm 2010, với tư c&aacute;ch l&agrave; gi&aacute;m đốc DN, b&agrave; Oanh đ&atilde; lập hồ sơ vay, đưa t&agrave;i sản của C&ocirc;ng ty v&agrave;o thế chấp để vay từ VDB Minh Hải. Vấn đề nằm ở chỗ l&agrave; gi&aacute; trị t&agrave;i sản thế chấp chỉ 9,514 tỉ đồng nhưng b&agrave; Oanh đ&atilde; &ldquo;ph&ugrave; ph&eacute;p&rdquo; để được VDB Minh Hải li&ecirc;n tiếp k&yacute; 6 hợp đồng t&iacute;n dụng (từ ng&agrave;y 15/6 đến 5/7/2010), giải ng&acirc;n số tiền 39,683 tỉ đồng</p>','uploads/1446993778_nhieu-dai-gia-mat-tich-bi-an-sau-khi-cho-ngan-hang-sap-bay-.jpg',1,6,'đại gia mất tích','2015-11-08 21:44:14',13,NULL,NULL,'Chỉ trong một thời gian ngắn, hàng loạt đối tượng từng là “đại gia” của tỉnh Cà Mau đã bị cơ quan điều tra (CQĐT) của Bộ Công an và Công an tỉnh Cà Mau khởi tố, áp dụng các biện pháp ngăn chặn','an-ninh-hinh-su/nhieu-dai-gia-mat-tich-bi-an-sau-khi-ngan-hang-cho-vay.html'),(24,'Tranh cãi vị trí chỗ ngồi giữa kiểm sát viên và luật sư','tranh-cai-vi-tri-cho-ngoi-giua-kiem-sat-vien-va-luat-su','<p>Sau khi đưa trụ sở mới x&acirc;y v&agrave;o hoạt động, TAND TP Đ&agrave; Nẵng đ&atilde; điều chỉnh vị tr&iacute; ngồi của kiểm s&aacute;t vi&ecirc;n (KSV) v&agrave; luật sư (LS) ngang bằng v&agrave; đối diện nhau. Giới LS th&igrave; ủng hộ, trong khi KSV phản ứng v&igrave; cho rằng vai tr&ograve;, địa vị của họ cao hơn luật sư n&ecirc;n kh&ocirc;ng thể ngồi ngang h&agrave;ng<img src=\"tintuc/sang-tan-trung-quoc-dat-lam-hang-gia-dem-ve-viet-nam-tieu-thu.jpg\" alt=\"\" width=\"500\" height=\"373\" /></p>\r\n<p>&Ocirc;ng Đặng &Aacute;nh - Ph&oacute; Ch&aacute;nh &aacute;n TAND TP Đ&agrave; Nẵng &ndash; cho rằng, hiện nay ph&aacute;p luật chưa c&oacute; quy định về việc tổ chức phi&ecirc;n t&ograve;a cũng như x&aacute;c định vị tr&iacute; chỗ nngồi của người tiến h&agrave;nh tố tụng (THTT) v&agrave; người tham gia tố tụng (TGTT). Điều n&agrave;y dẫn đến t&igrave;nh trạng việc tổ chức phi&ecirc;n t&ograve;a, bố tr&iacute; ngồi kh&ocirc;ng thống nhất giữa c&aacute;c địa phương trong cả nước, chưa thể hiện được hết vai tr&ograve;, chức năng đặc th&ugrave; ri&ecirc;ng của từng cơ quan, người THTT v&agrave; người TGTT.</p>\r\n<p>Do đ&oacute;, vấn đề &ldquo;chỗ ngồi&rdquo; đang l&agrave; đề t&agrave;i n&oacute;ng với nhiều quan điểm tr&aacute;i chiều, đặc biệt l&agrave; vị tr&iacute; ngồi của đại diện VKS v&agrave; LS trong một phi&ecirc;n t&ograve;a.</p>\r\n<p>Hiện nay, phần lớn TAND c&aacute;c địa phương thường bố tr&iacute; vị tr&iacute; ngồi theo m&ocirc; h&igrave;nh: Hội đồng x&eacute;t xử (HĐXX) ngồi ch&iacute;nh giữa hội trường, đại diện VKS v&agrave; Thư k&yacute; phi&ecirc;n t&ograve;a ngồi hai b&ecirc;n v&agrave; ngang h&agrave;ng với HĐXX, LS, người bảo vệ quyền v&agrave; lợi &iacute;ch hợp ph&aacute;p v&agrave; những người tham gia tố tụng ngồi ph&iacute;a dưới, thấp hơn vị tr&iacute; ngồi của HĐXX, VKS v&agrave; Thư k&yacute;</p>','uploads/1446993927_tranh-cai-vi-tri-cho-ngoi-giua-kiem-sat-vien-va-luat-su.jpg',1,6,'kiểm sát viên','2015-11-08 21:47:43',13,NULL,NULL,'Việc bố trí chỗ ngồi của đại diện viện kiểm sát và luật sư ở các tòa án cấp tỉnh/thành trên cả nước hiện không thống nhất. Đây là vấn đề đã gây không ít tranh cãi với nhiều quan điểm trái chiều, đặc biệt là vị trí ngồi của kiểm sát viên và luật sư trong một phiên tòa','an-ninh-hinh-su/tranh-cai-vi-tri-cho-ngoi-giua-kiem-sat-vien-va-luat-su.html'),(25,'Sang tận Trung Quốc đặt làm hàng giả đem về Việt Nam tiêu thụ','sang-tan-trung-quoc-dat-lam-hang-gia-dem-ve-viet-nam-tieu-thu','<p>Ng&agrave;y 6-11, tại của h&agrave;ng vật tư điện lạnh thuộc C&ocirc;ng ty TNHH TM v&agrave; DV Tuyến Diễn, c&oacute; địa chỉ tại số 26B đường Phạm H&ugrave;ng, phường Mỹ Đ&igrave;nh 1, quận Nam Từ Li&ecirc;m, H&agrave; Nội, Đội Chống bu&ocirc;n lậu v&agrave; bu&ocirc;n b&aacute;n h&agrave;ng cấm &ndash; Ph&ograve;ng Cảnh s&aacute;t kinh tế, CAHN ph&aacute;t hiện, kiểm tra Đỗ Văn Đạt, SN 1988, tr&uacute; tại th&ocirc;n Lạc Thị, x&atilde; Ngọ Hồi, huyện Thanh Tr&igrave;, H&agrave; Nội, đang vận chuyển 1.000 bộ ổn định nhiệt b&igrave;nh n&oacute;ng lạnh nh&atilde;n hiệu AMTs giả, 700 bộ ổn định nhiệt b&igrave;nh n&oacute;ng lạnh nh&atilde;n hiệu Ariston giả đến giao tại cửa h&agrave;ng.<img src=\"tintuc/tranh-cai-vi-tri-cho-ngoi-giua-kiem-sat-vien-va-luat-su.jpg\" alt=\"\" width=\"448\" height=\"336\" /></p>\r\n<p>Kể từ khi đưa trụ sở mới v&agrave;o hoạt động, TAND TP Đ&agrave; Nẵng l&agrave; đơn vị ti&ecirc;n phong thay đổi c&aacute;ch bố tr&iacute; vị tr&iacute; ngồi trong ph&ograve;ng xử &aacute;n như m&ocirc; h&igrave;nh ở tr&ecirc;n với l&yacute; do với m&ocirc; h&igrave;nh n&agrave;y thể hiện một số hạn chế, bất cập.</p>\r\n<p>Sau nhiều năm thực hiện theo m&ocirc; h&igrave;nh tr&ecirc;n, TAND hai cấp TP Đ&agrave; Nẵng nhận thấy việc bố tr&iacute; vị tr&iacute; ngồi như vậy l&agrave; kh&ocirc;ng ph&ugrave; hợp v&agrave; đảm bảo đ&uacute;ng định hướng theo tinh thần cải c&aacute;ch tư ph&aacute;p (CCTP), cũng kh&ocirc;ng đ&aacute;p ứng được y&ecirc;u cầu d&acirc;n chủ, tiến bộ trong hoạt động x&eacute;t xử, g&acirc;y kh&oacute; khăn cho hoạt động tranh tụng tại phi&ecirc;n t&ograve;a.</p>','uploads/1446993917_sang-tan-trung-quoc-dat-lam-hang-gia-dem-ve-viet-nam-tieu-thu.jpg',1,6,'tranh cãi vị trí ngồi','2015-11-08 21:49:36',13,NULL,NULL,'Phòng Cảnh sát kinh tế,Công an TP.Hà Nội vừa bắt giữ 2 đối tượng là hai anh em họ về hành vi sản xuấthàng giả. Thu giữ hàng nghìn bộ ổn định nhiệt bình nóng lạnh giả do Trung Quốcsản xuất.','an-ninh-hinh-su/sang-tan-trung-quoc-dat-lam-hang-gia-dem-ve-viet-nam-tieu-thu.html'),(26,'Vào trường truy sát thầy giáo cũ, một người chết thảm','vao-truong-truy-sat-thay-giao-cu-mot-nguoi-chet-tham','<p>Theo th&ocirc;ng tin ban đầu, Nguyễn Th&agrave;nh Thanh (c&ograve;n gọi l&agrave; Vinh, 19 tuổi) ngụ Thanh Phong, T&acirc;n Thuận ngồi uống rượu c&ugrave;ng ba thanh ni&ecirc;n kh&aacute;c th&igrave; nhận th&ocirc;ng tin ch&aacute;u m&igrave;nh đang học ở trường bị thầy gi&aacute;o đ&aacute;nh v&agrave; người thầy gi&aacute;o n&agrave;y trước đ&acirc;y từng dạy Thanh. Lập tức Thanh lấy dao rủ nh&oacute;m bạn nhậu v&agrave;o trường truy s&aacute;t thầy gi&aacute;o cũ<img src=\"tintuc/vao-truong-truy-sat-thay-giao-cu-mot-nguoi-chet-tham.jpg\" alt=\"\" width=\"269\" height=\"187\" /></p>\r\n<p>Nh&oacute;m thanh ni&ecirc;n n&agrave;y chạy v&agrave;o trường la h&eacute;t trong giờ học khiến gi&aacute;o vi&ecirc;n, học sinh v&ocirc; c&ugrave;ng n&aacute;o loạn. Ph&aacute;t hiện nh&oacute;m thanh ni&ecirc;n n&agrave;y đang truy t&igrave;m thầy gi&aacute;o, anh Đặng Anh T&aacute; (33 tuổi) đang phụ vợ b&aacute;n căn tin trong trường liền can ngăn th&igrave; bị Thanh r&uacute;t dao đ&acirc;m gục chết tại chỗ. Sau khi g&acirc;y &aacute;n, nh&oacute;m thanh ni&ecirc;n n&agrave;y bỏ chạy khỏi trường v&agrave; đến 17 giờ c&ugrave;ng ng&agrave;y Thanh đ&atilde; bị lực lượng c&ocirc;ng an bắt giữ.</p>\r\n<p>Được biết nạn nh&acirc;n Đặng Anh T&aacute; đang l&agrave;m c&ocirc;ng nh&acirc;n tại TP.HCM vừa về thăm nh&agrave;, chiều 6-11 đến trường nơi cha m&igrave;nh l&agrave;m bảo vệ v&agrave; vợ b&aacute;n căn tin phụ gi&uacute;p th&igrave; gặp nạn</p>','uploads/1446994248_vao-truong-truy-sat-thay-giao-cu-mot-nguoi-chet-tham.jpg',1,6,'vào trường học','2015-11-08 21:55:39',13,NULL,NULL,'Khoảng 14 giờ (6-11), tại phân hiệu Trường THCS Tân Thuận, xã Tân Thuận, huyện Hàm Thuận Nam (Bình Thuận) đã xảy ra vụ án mạng nghiêm trọng khiến một nạn nhân thiệt mạng ngay tại sân trường','an-ninh-hinh-su/vao-truong-truy-sat-thay-giao-cu-mot-nguoi-chet-tham.html'),(27,'Đi siết nợ, dùng dao đâm chết con của ','di-siet-no-dung-dao-dam-chet-con-cua-con-no','<p>Ng&agrave;y 7/11, C&ocirc;ng an quận G&ograve; Vấp, TPHCM cho biết đang tạm giữ&nbsp;Nguyễn Trung Th&agrave;nh (35 tuổi, ngụ quận G&ograve; Vấp) để điều tra về h&agrave;nh vi &ldquo;giết người&rdquo;. Li&ecirc;n quan đến vụ &aacute;n, đồng bọn của Th&agrave;nh l&agrave; Trịnh&nbsp; Duy Đại (27 tuổi, ngụ G&ograve; Vấp) cũng bị tạm giữ để điều tra về h&agrave;nh vi &nbsp;&ldquo;g&acirc;y rối trật tự c&ocirc;ng cộng<img src=\"tintuc/di-siet-no-dung-dao-dam-chet-con-cua-con-no.jpg\" alt=\"\" width=\"400\" height=\"225\" /></p>','uploads/1446994262_di-siet-no-dung-dao-dam-chet-con-cua-con-no.jpg',1,6,'đi xiết nợ','2015-11-08 21:55:52',13,NULL,NULL,'Trong quá trình đi siết nợ, bị người nhà “con nợ” ngăn cản, Đại huy động đàn em lao vào ẩu đả khiến 1 người bị đâm chết','an-ninh-hinh-su/di-siet-no-dung-dao-dam-chet-con-cua-con-no.html'),(28,'Xưng xã hội đen vào nhà dân cưỡng đoạt tài sản','xung-xa-hoi-den-vao-nha-dan-cuong-doat-tai-san','<p>Nguồn tin từ C&ocirc;ng an huyện C&aacute;i Nước (C&agrave; Mau) cho biết, cơ quan n&agrave;y vừa khởi tố vụ &aacute;n, khởi tố bị can v&agrave; bắt tạm giam đối với 4 đối tượng về h&agrave;nh vi cưỡng đoạt t&agrave;i sản.</p>\r\n<p>C&aacute;c đối tượng tr&ecirc;n gồm: Nguyễn Duy Kh&aacute;nh (SN 1984), Huỳnh Bảo (SN 1995) Trương Văn B&eacute; (SN 1989), Trần Trường Hận (SN 1994), c&ugrave;ng ngụ x&atilde; Hưng Mỹ (huyện C&aacute;i Nước, C&agrave; Mau)</p>\r\n<p><img src=\"tintuc/xung-xa-hoi-den-vao-nha-dan-cuong-doat-tai-san.jpg\" alt=\"\" width=\"450\" height=\"413\" /></p>','uploads/1446994279_xung-xa-hoi-den-vao-nha-dan-cuong-doat-tai-san.jpg',1,6,'xưng xã hội đen','2015-11-08 21:56:09',13,NULL,NULL,'Vừa bước vào, các đối tượng xưng là “xã hội đen” được người khác thuê đến để đuổi vợ chồng ông Quyền không cho buôn bán, nếu muốn yên ổn làm ăn thì gia chủ phải “đóng phí” 2 triệu đồng','an-ninh-hinh-su/xung-xa-hoi-den-vao-nha-dan-cuong-doat-tai-san.html'),(29,'Đề nghị truy tố trùm buôn lậu Thắng cành cùng đồng phạm','de-nghi-truy-to-trum-buon-lau-thang-canh-cung-dong-pham','<p>Cơ quan CSĐT (Bộ CA), vừa ho&agrave;n tất hồ sơ vụ &aacute;n Bu&ocirc;n lậu, vận chuyển tr&aacute;i ph&eacute;p h&agrave;ng h&oacute;a qua bi&ecirc;n giới Trung Quốc; đồng thời chuyển hồ sơ đến Viện KSND Tối cao đề nghị truy tố 10 bị can về 2 tội danh n&ecirc;u tr&ecirc;n.</p>\r\n<p>Theo cơ quan tố tụng, c&aacute;c bị can trong đường d&acirc;y bu&ocirc;n lậu h&agrave;ng ho&aacute; qua bi&ecirc;n giời khu vực cửa khẩu M&oacute;ng C&aacute;i gồm: Lương Quang Thắng (tức Thắng \"c&agrave;nh\"), Trương Văn Dũng, L&ecirc; Văn H&ugrave;ng, Trần Thị Tuyến, Nguyễn Thanh Phương, L&ecirc; Văn Thụy, Dương Văn Quảng, Đ&agrave;m Tr&igrave; Mạnh, c&ugrave;ng tr&uacute; tại TP M&oacute;ng C&aacute;i (Quảng Ninh); Nguyễn Văn S&igrave;nh, tr&uacute; tại Vĩnh Bảo (Hải Ph&ograve;ng) v&agrave; Nguyễn Hồng Phong, tr&uacute; tại huyện Hải H&agrave; (Quảng Ninh).</p>\r\n<p>Trước đ&oacute;, rạng s&aacute;ng ng&agrave;y 2/11/2014, tại địa phận Km 13701-500 thuộc Khu 4, phường Hải H&ograve;a, c&aacute;c lực lượng nghiệp vụ Bộ C&ocirc;ng an phối hợp với cơ quan chức năng bắt quả tang 3 đối tượng đang vận chuyển h&agrave;ng lậu.&nbsp; C&ugrave;ng thời điểm n&agrave;y c&aacute;c lực lượng nghiệp vụ thuộc Bộ CA tiếp tục kh&aacute;m x&eacute;t c&aacute;c kho h&agrave;ng v&agrave; thu giữ hơn 1.000 kiện, bao tải với hơn 570 loại h&agrave;ng h&oacute;a c&oacute; tổng trọng lượng khoảng 100 tấn. Trong đ&oacute; c&oacute; hơn 61.000 lon sữa nước Ensure, h&agrave;ng chục tấn h&agrave;ng quần &aacute;o, gi&agrave;y d&eacute;p, vải, đồ chơi, mỹ phẩm&hellip;</p>\r\n<p>Qu&aacute; tr&igrave;nh điều tra, cơ quan chức năng l&agrave;m r&otilde; đường d&acirc;y bu&ocirc;n lậu, vận chuyển tr&aacute;i ph&eacute;p h&agrave;ng h&oacute;a qua bi&ecirc;n giới (từ Trung Quốc về Việt Nam) n&agrave;y do Lương Quang Thắng (tức Thắng &ldquo;c&agrave;nh&rdquo;) cầm đầu. H&agrave;ng lậu từ Trung Quốc được đưa sang Việt Nam qua s&ocirc;ng Ka Long, địa phận Khu 4, phường Hải H&ograve;a, TP M&oacute;ng C&aacute;i, từ đ&oacute; tiếp tục x&eacute; lẻ, đưa s&acirc;u v&agrave;o nội địa. To&agrave;n bộ hoạt động nhập, vận chuyển h&agrave;ng lậu đều được c&aacute;c đối tượng t&iacute;nh to&aacute;n kỹ c&aacute;c thời điểm, phương thức để tr&aacute;nh sự ch&uacute; &yacute;, ph&aacute;t hiện của cơ quan chức năng.</p>\r\n<p>Theo cơ quan tố tụng, vụ &aacute;n Lương Quang Thắng v&agrave; đồng phạm phạm tội Bu&ocirc;n lậu v&agrave; Vận chuyển tr&aacute;i ph&eacute;p h&agrave;ng h&oacute;a qua bi&ecirc;n giới Trung Quốc - Việt Nam, g&acirc;y hậu quả đặc biệt nghi&ecirc;m trọng, với số lượng h&agrave;ng lậu đặc biệt lớn l&ecirc;n đến h&agrave;ng chục tỉ đồng</p>','uploads/1447129175_de-nghi-truy-to-trum-buon-lau-thang-canh-cung-dong-pham.jpg',1,1,'trùm buôn lâu','2015-11-10 11:20:37',13,NULL,NULL,'Cơ quan điều tra xác định, trùm buôn lậu Thắng “cành” cùng đồng bọn đã vận chuyển hàng hóa qua biên giới sau đó được xé lẻ tuồn sâu vào đất liền','phap-luat/de-nghi-truy-to-trum-buon-lau-thang-canh-cung-dong-pham.html'),(30,'Nhậu xong không trả tiền còn rút súng bắn người','nhau-xong-khong-tra-tien-con-rut-sung-ban-nguoi','<p>Ng&agrave;y 9/11, C&ocirc;ng an TP Vũng T&agrave;u tiến h&agrave;nh kh&aacute;m nghiệm hiện trường vụ g&acirc;y rối trật tự c&ocirc;ng cộng nghi&ecirc;m trọng c&oacute; sử dụng vũ kh&iacute; qu&acirc;n dụng.</p>\r\n<p>Theo th&ocirc;ng tin ban đầu, v&agrave;o l&uacute;c gần 2h s&aacute;ng ng&agrave;y 9/11, nh&oacute;m đối tượng n&agrave;y gồm 7 người (6 nam, 1 nữ) xuống khu vực cột cờ B&atilde;i Sau (thuộc đường Th&ugrave;y V&acirc;n, phường 2, TP Vũng T&agrave;u) để nhậu</p>\r\n<p>Trong l&uacute;c nhậu, nh&oacute;m đối tượng tr&ecirc;n c&oacute; k&ecirc;u 1 con kh&ocirc; mực v&agrave; bia để uống. Sau khi nhậu xong, nh&oacute;m n&agrave;y đứng dậy t&iacute;nh tiền nhưng chỉ chịu t&iacute;nh tiền bia kh&ocirc;ng chịu t&iacute;nh tiền con kh&ocirc; mực. Khi chủ qu&aacute;n y&ecirc;u cầu t&iacute;nh tiền mồi th&igrave; bị c&aacute;c đối tượng tr&ecirc;n đ&aacute;nh đến ngất xỉu.</p>\r\n<p>L&uacute;c n&agrave;y, những người b&aacute;n h&agrave;ng v&agrave; kh&aacute;ch du lịch ở gần đ&oacute; ra can ngăn cũng bị nh&oacute;m đối tượng tr&ecirc;n đuổi đ&aacute;nh. Trong l&uacute;c đang đuổi đ&aacute;nh những người can ngăn th&igrave; đối tượng Nguyễn Trọng Vũ (SN 1987, đ&atilde; c&oacute; một tiền &aacute;n về trộm cắp, vừa ra t&ugrave; được 2 ng&agrave;y) r&uacute;t trong người ra một khẩu s&uacute;ng qu&acirc;n dụng chiĩa thẳng v&agrave;o những người d&acirc;n can ngăn v&agrave; bắn 2 ph&aacute;t. Rất may l&agrave; kh&ocirc;ng tr&uacute;ng ai. L&uacute;c n&agrave;y, Vũ t&iacute;nh bắn tiếp nhưng do đạn bị hư n&ecirc;n kh&ocirc;ng nổ</p>','uploads/1447129405_nhau-xong-khong-tra-tien-con-rut-sung-ban-nguoi.jpg',1,1,'không trả tiền','2015-11-10 11:24:27',13,NULL,NULL,'Nghe chủ quán đòi tiền con khô mực, nhóm thanh niên không đồng ý trả tiền còn quay lại đánh chủ quán ngất xỉu. Sau đó, nhóm đối tượng này còn móc súng bắn vào những người dân xung quanh dám đứng ra can ngăn','phap-luat/nhau-xong-khong-tra-tien-con-rut-sung-ban-nguoi.html'),(31,'Truy bắt nam thanh niên tàng trữ thỏi thuốc nổ trong nha','truy-bat-nam-thanh-nien-tang-tru-thoi-thuoc-no-trong-nha','<p>Ng&agrave;y 9/11, C&ocirc;ng an quận 9, TPHCM cho biết đ&atilde; ra th&ocirc;ng b&aacute;o truy bắt nghi can Mai Hữu T&agrave;i (21 tuổi, ngụ phường Phước Long A, quận 9) về h&agrave;nh vi &ldquo;T&agrave;ng trữ tr&aacute;i ph&eacute;p vật liệu nổ</p>\r\n<p><img src=\"tintuc/truy-bat-nam-thanh-nien-tang-tru-thoi-thuoc-no-trong-nha.jpg\" alt=\"\" width=\"353\" height=\"500\" /></p>','uploads/1447129510_truy-bat-nam-thanh-nien-tang-tru-thoi-thuoc-no-trong-nha.jpg',1,1,'truy bắt','2015-11-10 11:26:40',13,NULL,NULL,'Kiểm tra chiếc balô có trong nhà đối tượng tên Tài, Công an phát hiện 1 khối chất rắn hình hộp chữ nhật chứa 200g thuốc nổ TNT thuộc danh mục do quân đội quản lý','phap-luat/truy-bat-nam-thanh-nien-tang-tru-thoi-thuoc-no-trong-nha.html'),(32,'Chi sai tiền ngân sách, 2 quan xã lĩnh án','chi-sai-tien-ngan-sach-2-quan-xa-linh-an','<p>S&aacute;ng ng&agrave;y 9/11, TAND huyện Hoằng H&oacute;a đ&atilde; mở phi&ecirc;n x&eacute;t xử sơ thẩm đối với L&ecirc; Ch&iacute; Thanh (SN 1964 - nguy&ecirc;n Chủ tịch UBND x&atilde; Hoằng Kh&aacute;nh, huyện Hoằng H&oacute;a) v&agrave; Nguyễn Văn Hoạt (nguy&ecirc;n Kế to&aacute;n ng&acirc;n s&aacute;ch x&atilde; Hoằng Kh&aacute;nh) về tội &ldquo;Cố &yacute; l&agrave;m tr&aacute;i c&aacute;c quy định của Nh&agrave; nước về quản l&yacute; kinh tế g&acirc;y hậu quả nghi&ecirc;m trọng</p>\r\n<p><img src=\"tintuc/chi-sai-tien-ngan-sach-2-quan-xa-linh-an.JPG\" alt=\"\" width=\"448\" height=\"300\" /></p>\r\n<p>Theo c&aacute;o trạng của VKSND huyện Hoằng H&oacute;a, trong nhiệm kỳ 2004 - 2009, &ocirc;ng Nguyễn Văn Hoạt c&ugrave;ng với Nguyễn Hữu Gi&aacute;o (nguy&ecirc;n Chủ tịch UBND x&atilde; Hoằng Kh&aacute;nh) đ&atilde; ứng tiền quỹ v&agrave; vay tiền của một số c&aacute; nh&acirc;n với số tiền tr&ecirc;n 152 triệu đồng để đi giao dịch, hiếu hỉ, nhưng kh&ocirc;ng lập phiếu chi theo nguy&ecirc;n tắc t&agrave;i ch&iacute;nh, kế to&aacute;n của Luật ng&acirc;n s&aacute;ch.</p>\r\n<p>Ng&agrave;y 9/1/2010, &ocirc;ng Nguyễn Văn Đ&ocirc;ng (nguy&ecirc;n Thủ quỹ ng&acirc;n s&aacute;ch x&atilde;) b&agrave;n giao cho Phạm Xu&acirc;n S&iacute;nh (thủ quỹ ng&acirc;n s&aacute;ch x&atilde;) số c&ocirc;ng nợ tr&ecirc;n v&agrave; y&ecirc;u cầu &ocirc;ng Hoạt trả lại số tiền cho ng&acirc;n s&aacute;ch x&atilde;.</p>\r\n<p>Đến th&aacute;ng 7/2010, lợi dụng l&uacute;c &ocirc;ng L&ecirc; Ch&iacute; Thanh tiếp nhận chức Chủ tịch UBND x&atilde; thay &ocirc;ng Nguyễn Hữu Gi&aacute;o, nhưng kh&ocirc;ng l&agrave;m ban giao c&ocirc;ng việc, &ocirc;ng Hoạt đ&atilde; mượn 7 hồ sơ x&acirc;y dựng của Hợp t&aacute;c x&atilde; Hoằng Kh&aacute;nh đ&atilde; được thanh quyết to&aacute;n, về thiết lập th&agrave;nh 7 bộ hồ sơ x&acirc;y dựng do UBND x&atilde; Hoằng Kh&aacute;nh l&agrave;m chủ đầu tư, sửa chữa. D&ugrave; biết sai, nhưng &ocirc;ng L&ecirc; Ch&iacute; Thanh vẫn đồng &yacute; cho &ocirc;ng Hoạt l&agrave;m để giải quyết số tiền nợ đọng.</p>\r\n<p>Sau đ&oacute;, Hoạt đem số hồ sơ tr&ecirc;n nhờ người quen (b&ecirc;n B) k&yacute; v&agrave;o hợp đồng ho&agrave;n th&agrave;nh c&aacute;c thủ tục x&acirc;y dựng để r&uacute;t gần 200 triệu đồng tại Kho bạc Nh&agrave; nước huyện Hoằng H&oacute;a, &nbsp;nhập v&agrave;o ng&acirc;n s&aacute;ch x&atilde;.</p>\r\n<p>Khi c&oacute; tiền, L&ecirc; Ch&iacute; Thanh v&agrave; Nguyễn Văn Hoạt đ&atilde; d&ugrave;ng 152 triệu đồng để trả nợ tồn đọng, số tiền c&ograve;n lại hơn 47 triệu đồng, Thanh v&agrave; Hoạt mang đi chi sai nguy&ecirc;n tắc t&agrave;i ch&iacute;nh, kế to&aacute;n.</p>\r\n<p>Việc l&agrave;m sai tr&aacute;i của Thanh v&agrave; Hoạt đ&atilde; g&acirc;y dư luận xấu tr&ecirc;n địa b&agrave;n, l&agrave;m mất l&ograve;ng tin của quần ch&uacute;ng nh&acirc;n d&acirc;n đối với ch&iacute;nh quyền. Kết th&uacute;c phi&ecirc;n x&eacute;t xử, Hội đồng x&eacute;t xử đ&atilde; tuy&ecirc;n phạt L&ecirc; Ch&iacute; Thanh 30 th&aacute;ng t&ugrave; cho hưởng &aacute;n treo; Nguyễn Văn Hoạt 36 th&aacute;ng t&ugrave; cho hưởng &aacute;n treo</p>','uploads/1447129637_chi-sai-tien-ngan-sach-2-quan-xa-linh-an.JPG',1,1,'chi sai ngân sách','2015-11-10 11:28:55',13,NULL,NULL,'Để bù vào số tiền chi sai nguyên tắc tài chính trước đó, kế toán ngân sách xã mượn hồ sơ đã được thanh quyết toán,','phap-luat/chi-sai-tien-ngan-sach-2-quan-xa-linh-an.html'),(33,'Vụ giết cháu chồng 2 năm rồi ra đầu thú: Xác minh lời khai của nghi phạm','vu-giet-chau-chong-2-nam-roi-ra-dau-thu-xac-minh-loi-khai-cua-nghi-pham','<p>Theo Đại t&aacute; Ng&acirc;n, Cơ quan điều tra đ&atilde; lập hồ sơ tiếp nhận v&agrave; b&agrave;n giao Hạnh cho gia đ&igrave;nh quản l&yacute;, đồng thời đang đ&aacute;nh gi&aacute; nội dung, lời khai của c&ocirc; g&aacute;i để l&agrave;m r&otilde; nhiều nghi vấn xem c&oacute; ph&ugrave; hợp với thời gian, t&igrave;nh tiết, nguy&ecirc;n nh&acirc;n ch&aacute;u b&eacute; tử vong hay kh&ocirc;ng?... Đứa b&eacute; tử vong l&agrave; c&oacute; thật, cơ quan điều tra cũng chưa ghi nhận việc Hạnh c&oacute; dấu hiệu t&acirc;m thần hoặc bị &aacute;m ảnh c&aacute;i chết của ch&aacute;u b&eacute; n&ecirc;n đến tự th&uacute;.</p>\r\n<p>Trước đ&oacute;, như D&acirc;n tr&iacute; đ&atilde; th&ocirc;ng tin, chiều ng&agrave;y 5/11, đối tượng Hạnh đ&atilde; đến c&ocirc;ng an x&atilde; Trung Hiếu (huyện Vũng Li&ecirc;m, tỉnh Vĩnh Long) đầu th&uacute; về h&agrave;nh vi giết chết ch&aacute;u Nguyễn Ngọc Bảo Ch&acirc;u (SN 2009, ngụ ấp B&igrave;nh Trung, x&atilde; Trung Hiếu, l&agrave; ch&aacute;u chồng Hạnh - PV) v&agrave;o ng&agrave;y 21/12/2013</p>\r\n<p><img src=\"tintuc/vu-giet-chau-chong-2-nam-roi-ra-dau-thu-xac-minh-loi-khai-cua-nghi-pham.jpg\" alt=\"\" width=\"292\" height=\"448\" /></p>','uploads/1447129795_vu-giet-chau-chong-2-nam-roi-ra-dau-thu-xac-minh-loi-khai-cua-nghi-pham.jpg',1,1,'giết cháu','2015-11-10 11:31:07',13,NULL,NULL,'Chiều 9/11, Đại tá Phạm Văn Ngân, Phó Giám đốc Công an tỉnh Vĩnh Long cho biết','phap-luat/vu-giet-chau-chong-2-nam-roi-ra-dau-thu-xac-minh-loi-khai-cua-nghi-pham.html'),(34,'Cận cảnh \'công nghệ\' sản xuất cơm cháy chà bông','can-canh-cong-nghe-san-xuat-com-chay-cha-bong','<p>S&aacute;ng 9-11, ph&oacute;ng vi&ecirc;n (PV) b&aacute;o Ph&aacute;p luật TP.HCM đ&atilde; th&acirc;m nhập một số cơ sở sản xuất cơm ch&aacute;y ch&agrave; b&ocirc;ng tr&ecirc;n địa b&agrave;n ấp T&acirc;n Lập, x&atilde; T&acirc;n Thới Nh&igrave;, huyện H&oacute;c M&ocirc;n (TP.HCM) v&agrave; &nbsp;ghi nhận cảnh tượng h&atilde;i h&ugrave;ng.</p>\r\n<p>Tại cơ sở đầu ti&ecirc;n, h&igrave;nh ảnh đập v&agrave;o mắt PV l&agrave; cơm được cắt từng miếng vu&ocirc;ng phơi đầy tại khu vực c&oacute; nhiều r&aacute;c thải, đọng nước gần ng&ocirc;i mộ, g&agrave; vịt đi từng đ&agrave;n. Thỉnh thoảng g&agrave; bay l&ecirc;n vỉ phơi \"v&ocirc; tư\" mổ cơm. Kh&ocirc;ng chỉ vậy, cơm c&ograve;n được phơi tr&ecirc;n nền đất gần chuồng nhốt g&agrave; vịt. Ch&oacute; m&egrave;o thoải m&aacute;i qua lại.</p>\r\n<p><img src=\"tintuc/can-canh-cong-nghe-san-xuat-com-chay-cha-bong.jpg\" alt=\"\" width=\"470\" height=\"344\" /></p>\r\n<p>Khu vực sản xuất cơm ch&aacute;y ch&agrave; b&ocirc;ng đầy bụi bặm, bồ h&oacute;ng, g&agrave; ch&oacute; v&ocirc; tư qua lại. Ảnh: TRẦN NGỌC</p>\r\n<p>Khu vực chế biến cơm ch&aacute;y ch&agrave; b&ocirc;ng đầy bụi bặm. Mạng nhện v&agrave; bồ h&oacute;ng b&aacute;m đầy tường. Một &ocirc;ng quần đ&ugrave;i ngồi chồm hổm dưới đất, nạy từng miếng cơm trong vỉ nhỏ rồi đặt v&ocirc; vỉ lớn để dưới đất đầy bụi bặm. Dầu chi&ecirc;n cơm đen s&igrave; được đựng trong chảo to. Dụng cụ sử dụng chi&ecirc;n cơm cũ kỹ, c&aacute;u bẩn.</p>\r\n<p>Chủ cơ sở n&agrave;y cho biết ch&agrave; b&ocirc;ng được mua với gi&aacute; 75.000 đồng/k&yacute; v&agrave; c&oacute; nguồn gốc hẳn hoi. Tuy nhi&ecirc;n, khi PV đề nghị được xem giấy tờ chứng minh nguồn gốc ch&agrave; b&ocirc;ng th&igrave; chủ cơ sở n&oacute;i kh&ocirc;ng c&oacute;. Chủ cơ sở c&ograve;n cho biết cơm ch&aacute;y ch&agrave; b&ocirc;ng được mang bỏ mối ở c&aacute;c qu&aacute;n nhậu với gi&aacute; 3.000 đồng/g&oacute;i. Ngo&agrave;i giấy ph&eacute;p đăng k&yacute; kinh doanh, chủ cơ sở kh&ocirc;ng c&oacute; giấy chứng nhận cơ sở đủ điều kiện an to&agrave;n vệ sinh thực phẩm (ATVSTP), kh&ocirc;ng giấy kh&aacute;m sức khỏe, cũng chẳng c&oacute; giấy x&aacute;c nhận kiến thức an to&agrave;n thực phẩm.</p>','uploads/1447129925_can-canh-cong-nghe-san-xuat-com-chay-cha-bong.jpg',1,2,'cận cảnh','2015-11-10 11:36:20',13,NULL,NULL,'Cơm cháy được phơi trên nền đất đầy rác thải, nước đọng cạnh chuồng gà vịt, cạnh những ngôi mộ cũ, chó mèo thoả imái qua lại. Gà bay lên đậu trên những vỉ phơi, vô tư mổ cơm','doi-song/can-canh-cong-nghe-san-xuat-com-chay-cha-bong.html'),(35,'An toàn trong xử lý rác thải y tế tại các bệnh viện','an-toan-trong-xu-ly-rac-thai-y-te-tai-cac-benh-vien','<p>Trong bối cảnh, c&aacute;c y&ecirc;u cầu về bảo vệ m&ocirc;i trường đ&atilde; được luật ho&aacute; từ năm 2005 đến nay v&agrave; mới đ&acirc;y nhất, Bộ trưởng Bộ Y tế ra chỉ thị số 05/CT-BYT v&agrave;o ng&agrave;y 06/7/2015 về việc tăng cường Quản l&yacute; chất thải y tế trong bệnh viện cho c&aacute;c ban, ng&agrave;nh c&oacute; li&ecirc;n quan, ch&uacute;ng t&ocirc;i đ&atilde; c&oacute; cuộc gặp với đại diện Ban l&atilde;nh đạo của 2 bệnh viện lớn ở miền Bắc l&agrave; BV Phổi Trung ương v&agrave; 1 bệnh viện lớn ở Miền Trung &ndash; BV Đa khoa Tỉnh Thanh Ho&aacute;.</p>\r\n<p>L&agrave; một bệnh viện c&oacute; nguy cơ l&acirc;y nhiễm h&agrave;ng đầu, c&ugrave;ng với đ&oacute; l&agrave; t&igrave;nh trạng qu&aacute; tải bệnh nh&acirc;n, hạn chế về &yacute; thức ph&acirc;n loại r&aacute;c của người nh&agrave; bệnh nh&acirc;n, do đ&oacute; mạng lưới kiểm so&aacute;t nhiễm khuẩn tại c&aacute;c khoa, ph&ograve;ng trung t&acirc;m của bệnh viện Phổi Trung ương lu&ocirc;n phải hoạt động hết c&ocirc;ng xuất. C&ugrave;ng với đ&oacute;, c&ocirc;ng t&aacute;c xử l&yacute; chất thải y tế cũng phải được lập kế hoạch chi tiết h&agrave;ng năm, đưa về tận từng khoa ph&ograve;ng.</p>\r\n<p>Đặc biệt, hiện bệnh viện đang tiến h&agrave;nh song song hai biện ph&aacute;p xử l&yacute; chất thải y tế l&acirc;y nhiễm. Theo đ&oacute;, một phần chất thải y tế được xử l&yacute; tại bệnh viện bằng hệ thống c&ocirc;ng nghệ vi s&oacute;ng kết hợp hơi nước b&atilde;o h&ograve;a được lắp đồng bộ c&ugrave;ng với 01 m&aacute;y nghiền cắt sau xử l&yacute;. Hệ thống n&agrave;y được vận h&agrave;nh thường xuy&ecirc;n đ&atilde; gi&uacute;p giảm lượng chất thải y tế phải thi&ecirc;u đốt v&agrave; giảm yếu tố nguy hại cho m&ocirc;i trường. V&agrave; chất thải sau khi xử l&yacute;, nghiền cắt được được chuyển sang chất thải th&ocirc;ng thường.</p>\r\n<p>Theo PGS.TS Nguyễn Xu&acirc;n Ph&uacute;, Ph&oacute; Gi&aacute;m đốc BV Phổi Trung ương, việc quan t&acirc;m tới xử l&yacute; chất thải y tế l&agrave; việc l&agrave;m thường xuy&ecirc;n của bệnh viện từ nhiều năm qua chứ kh&ocirc;ng phải chờ đến chỉ thị 05 của Bộ Y tế.</p>','uploads/1447130323_an-toan-trong-xu-ly-rac-thai-y-te-tai-cac-benh-vien.jpg',1,2,'an toàn xử lý rác','2015-11-10 11:40:45',13,NULL,NULL,'Có an toàn với môi trường và con người?','doi-song/an-toan-trong-xu-ly-rac-thai-y-te-tai-cac-benh-vien.html'),(36,'Làm rõ trách nhiệm thất thoát hơn 4 tỷ đồng của GĐ Trung tâm Y tế huyện','lam-ro-trach-nhiem-that-thoat-hon-4-ty-dong-cua-gd-trung-tam-y-te-huyen','<p>Quyết định n&ecirc;u r&otilde; dựa tr&ecirc;n căn cứ kết luận thanh tra số 134/KL.TTR ng&agrave;y 12/10/2015 của Thanh tra tỉnh Nghệ An về thanh tra Dự &aacute;n hỗ trợ đầu tư cơ sở hạ tầng huyện ngh&egrave;o, c&aacute;c x&atilde; đặc biệt kh&oacute; khăn (theo Nghị quyết 30A), giai đoạn 2008-2014 v&agrave; Dự &aacute;n hỗ trợ đầu tư cơ sở hạ tầng c&aacute;c x&atilde; đặc biệt kh&oacute; khăn, c&aacute;c x&atilde; bi&ecirc;n giới, an to&agrave;n khu, th&ocirc;n đặc biệt kh&oacute; khăn thuộc chương tr&igrave;nh giảm ngh&egrave;o bền vững giai đoạn 2012-2014 tại huyện Quế Phong.</p>\r\n<p>Theo đ&oacute;, GĐ Sở Y tế Nghệ An đ&atilde; c&oacute; quyết định tạm đ&igrave;nh chỉ chức vụ gi&aacute;m đốc Trung t&acirc;m Y tế huyện Quế Phong đối với &ocirc;ng Mạc Văn L&acirc;m kể từ ng&agrave;y 2/11/2015. L&yacute; do tạm đ&igrave;nh chỉ: Kiểm điểm l&agrave;m r&otilde; tr&aacute;ch nhiệm c&aacute; nh&acirc;n theo kết luận thanh tra số 134/KL.TTR của Thanh tra tỉnh Nghệ An.</p>\r\n<p>Được biết, trong thời gian đương nhiệm, &ocirc;ng Mạc Văn L&acirc;m đ&atilde; được giao nhiệm vụ tr&ocirc;ng coi, qu&aacute;n xuyến c&ocirc;ng tr&igrave;nh x&acirc;y dựng Trung t&acirc;m Y tế huyện Quế Phong (Nghệ An) với tổng mức đầu tư hơn 16 tỷ đồng (trong đ&oacute; gi&aacute; trị x&acirc;y dựng c&ocirc;ng tr&igrave;nh l&agrave; hơn 10 tỷ đồng, gi&aacute; trị cung cấp trang thiết bị Y tế hơn 4 tỷ đồng).</p>\r\n<p><img src=\"tintuc/lam-ro-trach-nhiem-that-thoat-hon-4-ty-dong-cua-gd-trung-tam-y-te-huyen-.jpg\" alt=\"\" width=\"568\" height=\"768\" /></p>','uploads/1447130279_lam-ro-trach-nhiem-that-thoat-hon-4-ty-dong-cua-gd-trung-tam-y-te-huyen-.jpg',1,2,'làm rõ thất thoát','2015-11-10 11:41:57',13,NULL,NULL,'GĐ Sở Y tế Nghệ An, đã có Quyết định số 1266/QĐ-SYT về việc tạm đình chỉ chức vụ GĐ Trung tâm Y tế huyện Quế Phong đối với ông Mạc Văn Lâm để làm rõ thất thoát trong quá trình xây dựng TT Y tế huyện Quế Phong','doi-song/lam-ro-trach-nhiem-that-thoat-hon-4-ty-dong-cua-gd-trung-tam-y-te-huyen.html'),(37,'Ung thư đại trực tràng có xu hướng trẻ hóa dần','ung-thu-dai-truc-trang-co-xu-huong-tre-hoa-dan','<p>Ung thư đại trực tr&agrave;ng l&agrave; một trong những bệnh ung thư thường gặp nhất ở Việt Nam, bệnh thường gặp ở nam nhiều hơn nữ. Độ tuổi mắc bệnh ung thư đại trực tr&agrave;ng trung b&igrave;nh l&agrave; tr&ecirc;n 50 tuổi. Tuy nhi&ecirc;n, hiện nay, tỷ lệ ung thư đại trực tr&agrave;ng đang c&oacute; xu hướng &ldquo;trẻ h&oacute;a&rdquo; dần. Nhiều người bị chẩn đo&aacute;n bệnh nằm trong nh&oacute;m tuổi từ 30 - 40. Con số người mắc bệnh dưới 50 tuổi kh&ocirc;ng chỉ tăng nhanh ở Việt Nam, m&agrave; c&ograve;n gia tăng ở c&aacute;c nước kh&aacute;c tr&ecirc;n thế giới.</p>\r\n<p>Theo một nghi&ecirc;n cứu từ Đại học Trung t&acirc;m Ung thư Anderson MD Texas, nhờ sự tiến bộ trong việc tầm so&aacute;t ung thư đại trực tr&agrave;ng, tỷ lệ mắc bệnh ở độ tuổi tr&ecirc;n 50 đ&atilde; giảm nhẹ. Ngược lại, tỷ lệ mắc bệnh ở những người dưới 50 tuổi tăng. C&aacute;c nh&agrave; nghi&ecirc;n cứu đ&atilde; xem x&eacute;t dữ liệu từ hơn 393.000 người bị chẩn đo&aacute;n ung thư đại trực tr&agrave;ng từ năm 1975 &ndash; 2010 của Viện ung thư Quốc gia Hoa Kỳ. Từ xu hướng hiện tại, họ dự đo&aacute;n v&agrave;o năm 2030, tỷ lệ mắc bệnh ung thư đại tr&agrave;ng ở nh&oacute;m tuổi 20 - 34 tuổi sẽ tăng 90% v&agrave; ung thư trực tr&agrave;ng tăng 124,2%. Tỷ lệ mắc bệnh ung thư đại tr&agrave;ng ở nh&oacute;m tuổi 35 - 49 sẽ tăng 27,7% v&agrave; ung thư trực tr&agrave;ng tăng 46%.</p>\r\n<p>Theo c&aacute;c nh&agrave; nghi&ecirc;n cứu, tỷ lệ mắc ung thư đại trực tr&agrave;ng gia tăng li&ecirc;n quan đến việc thiếu s&agrave;ng lọc bệnh v&agrave; những th&oacute;i quen sống kh&ocirc;ng l&agrave;nh mạnh ở người lớn trẻ tuổi. Họ cũng lưu &yacute; rằng, tỷ lệ thừa c&acirc;n b&eacute;o ph&igrave; đang tăng mạnh, v&agrave; đ&acirc;y l&agrave; yếu tố nguy cơ ch&iacute;nh đối với ung thư đại trực tr&agrave;ng.</p>\r\n<p><strong>Người trẻ tuổi c&oacute; cơ hội điều trị th&agrave;nh c&ocirc;ng cao hơn</strong></p>\r\n<p>Hiện nay, với những tiến bộ trong y học, nhiều trường hợp ung thư đại trực tr&agrave;ng c&oacute; thể chữa khỏi. Theo c&aacute;c b&aacute;c sĩ khoa Ung bướu Singapore &ndash; Bệnh viện Thu C&uacute;c, tỷ lệ điều trị th&agrave;nh c&ocirc;ng ở những người trẻ tuổi cao hơn, do người trẻ tuổi thường c&oacute; sức khỏe tổng thể tốt hơn, khả năng chịu đựng điều trị cao hơn, đ&aacute;p ứng với điều trị tốt hơn. Phương ph&aacute;p điều trị ch&iacute;nh cho ung thư đại trực tr&agrave;ng l&agrave; phẫu thuật, kết hợp h&oacute;a, xạ trị. Ở giai đoạn muộn, phương ph&aacute;p điều trị ch&iacute;nh l&agrave; h&oacute;a trị hoặc xạ trị.</p>\r\n<p>Nếu may mắn ph&aacute;t hiện bệnh sớm, cơ hội điều trị th&agrave;nh c&ocirc;ng l&agrave; rất cao. Ở giai đoạn đầu, khoảng hơn 90% người bệnh c&oacute; cơ hội chữa khỏi; Trong khi giai đoạn cuối, tỷ lệ n&agrave;y chỉ c&ograve;n 11%. Do đ&oacute;, ph&aacute;t hiện bệnh sớm l&agrave; yếu tố ti&ecirc;n quyết đối với sự sống c&ograve;n của người bệnh.</p>\r\n<p><strong>Tầm so&aacute;t ung thư c&oacute; thể gi&uacute;p ph&ograve;ng bệnh v&agrave; ph&aacute;t hiện sớm</strong></p>\r\n<p>Theo b&aacute;c sĩ Nguyễn Thị Minh Hương, Trưởng khoa Ung bướu Singapore, ung thư đại trực tr&agrave;ng mặc d&ugrave; nguy hiểm nhưng c&oacute; thể ph&ograve;ng v&agrave; ph&aacute;t hiện sớm dễ d&agrave;ng. Nếu ch&uacute;ng ta thường xuy&ecirc;n tầm so&aacute;t bệnh bằng phương ph&aacute;p nội soi c&oacute; thể ph&aacute;t hiện tăng trưởng gọi l&agrave; polyp v&agrave; loại bỏ ho&agrave;n to&agrave;n trước khi ch&uacute;ng c&oacute; cơ hội trở th&agrave;nh ung thư. C&aacute;c x&eacute;t nghiệm kh&aacute;c như x&eacute;t nghiệm t&igrave;m m&aacute;u trong ph&acirc;n, chất chỉ điểm ung thư, vv&hellip; cũng c&oacute; thể gi&uacute;p ph&aacute;t hiện bệnh sớm v&agrave; tăng cơ hội điều trị th&agrave;nh c&ocirc;ng.</p>','uploads/1447130295_ung-thu-dai-truc-trang-co-xu-huong-tre-hoa-dan.jpg',1,2,'ung thư đại tràng','2015-11-10 11:42:29',13,NULL,NULL,'Tỷ lệ mắc các bệnh ung thư, đặc biệt ung thư đại trực tràng đang có xu hướng trẻ hóa, cụ thể số người mắc bệnh trong nhóm tuổi 30 - 40 ngày càng gia tăng. ','doi-song/ung-thu-dai-truc-trang-co-xu-huong-tre-hoa-dan.html'),(38,'Ai dễ có nguy cơ mắc bệnh khô mắt?','ai-de-co-nguy-co-mac-benh-kho-mat','<p><strong>Đối tượng v&agrave; nguy&ecirc;n nh&acirc;n của bệnh kh&ocirc; mắt</strong></p>\r\n<p>Kh&ocirc; mắt kh&ocirc;ng chỉ dễ d&agrave;ng xuất hiện ở những người l&agrave;m việc thường xuy&ecirc;n với m&agrave;n h&igrave;nh m&aacute;y t&iacute;nh, sổ s&aacute;ch. Đối tượng của n&oacute; mở rộng hơn, bất kể nam nữ, tuổi t&aacute;c, ng&agrave;nh nghề, bởi m&ocirc;i trường &ocirc; nhiễm, kh&ocirc;ng kh&iacute; thiếu độ ẩm do thường xuy&ecirc;n bật điều h&ograve;a, chế độ ăn uống thiếu vitamin A, hay do ảnh hưởng từ t&aacute;c dụng phụ của một số loại thuốc v&agrave; sau những lần phẫu thuật,.. Tất cả l&agrave; những t&aacute;c nh&acirc;n l&agrave;m mắt kh&oacute; chịu, n&oacute;ng r&aacute;t, l&acirc;u ng&agrave;y dẫn đến bệnh kh&ocirc; mắt. Nếu kh&ocirc;ng ph&aacute;t hiện sớm, kh&ocirc; mắt c&oacute; thể chuyển biến nặng hơn, g&acirc;y ra vi&ecirc;m kết mạc, vi&ecirc;m lo&eacute;t gi&aacute;c mạc,<img src=\"tintuc/ai-de-co-nguy-co-mac-benh-kho-mat.jpg\" alt=\"\" width=\"513\" height=\"254\" /></p>','uploads/1447130600_ai-de-co-nguy-co-mac-benh-kho-mat.jpg',1,2,'ai bị khô mắt','2015-11-10 11:48:52',13,NULL,NULL,'Hiện nay, tình trạng khô mắt trở nên phổ biến và để lại nhiều hậu quả đáng lo ngại hơn ta tưởng. Vì thế, nhận diện đối tượng của căn bệnh này và tìm ra biện pháp phòng ngừa sớm là việc làm cần thiết và cấp bách.','doi-song/ai-de-co-nguy-co-mac-benh-kho-mat.html'),(39,'Tiền giả rao trên Facebook, tham mua tiền giả, mất toi tiền thật','tien-gia-rao-tren-facebook-tham-mua-tien-gia-mat-toi-tien-that','<p>B&ecirc;n cạnh c&aacute;c ứng dụng lập fanpage để chia sẻ, kinh doanh, bu&ocirc;n b&aacute;n v&agrave; học tập&hellip; , tr&ecirc;n mạng x&atilde; hội Facebook đang được một số đối tượng sử dụng v&agrave;o h&igrave;nh thức lừa đảo, chiếm đoạt t&agrave;i sản của người kh&aacute;c như rao b&aacute;n tiền giả. Chỉ cần t&igrave;m kiếm cụm từ: b&aacute;n tiền giả, rất nhiều trang c&aacute; nh&acirc;n, nh&oacute;m chuy&ecirc;n quảng c&aacute;o, rao b&aacute;n tiền giả xuất hiện.</p>\r\n<p>Trong vai người cần mua tiền giả, ph&oacute;ng vi&ecirc;n <em>D&acirc;n tr&iacute; </em>đ&atilde; t&igrave;m hiểu c&aacute;ch thức rao b&aacute;n tiền giả để lừa tiền thật của một số đối tượng l&agrave; chủ Facebook hoặc quản l&yacute; (admin) của fanpage tiền giả tr&ecirc;n Facebook.</p>\r\n<p>Tại fanpage c&oacute; t&ecirc;n &ldquo;B&aacute;n tiền giả chất lượng&rdquo;, đối tượng đ&atilde; tung nhiều h&igrave;nh ảnh được cho l&agrave; tiền giả, với nhiều cọc tiền polymer mệnh gi&aacute; kh&aacute;c nhau như 20.000 đồng đến 500.000 đồng xếp th&agrave;nh từng b&oacute;</p>\r\n<p><img src=\"tintuc/tien-gia-rao-tren-facebook-tham-mua-tien-gia-mat-toi-tien-that.png\" alt=\"\" width=\"500\" height=\"316\" /></p>','uploads/1447132292_tien-gia-rao-tren-facebook-tham-mua-tien-gia-mat-toi-tien-that.png',1,3,'tiền giả','2015-11-10 12:15:24',13,NULL,NULL,'Gần đây, trên mạng xã hội Facebook lan truyền nhiều fanpage và địa chỉ facebook cá nhân rao bán nhiều loại tiền được cho là tiền polymer giả','kinh-doanh/tien-gia-rao-tren-facebook-tham-mua-tien-gia-mat-toi-tien-that.html'),(40,'Quốc hội thông qua giám sát việc mua lại ngân hàng giá 0 đồng','quoc-hoi-thong-qua-giam-sat-viec-mua-lai-ngan-hang-gia-0-dong','<p><strong>Gi&aacute;m s&aacute;t việc chuyển đổi sở hữu tại c&aacute;c tổ chức t&iacute;n dụng yếu k&eacute;m</strong></p>\r\n<p>Trong phi&ecirc;n l&agrave;m việc s&aacute;ng nay (10/11), Chủ nhiệm Ủy ban Kinh tế của Quốc hội Nguyễn Văn Gi&agrave;u đ&atilde; thay mặt Ủy ban Thường vụ Quốc hội (UBTVQH) tr&igrave;nh b&agrave;y b&aacute;o c&aacute;o tiếp thu &yacute; kiến li&ecirc;n quan đến c&aacute;c nhiệm vụ, giải ph&aacute;p chủ yếu trong năm 2016.</p>\r\n<p>&Ocirc;ng Gi&agrave;u cho biết, c&oacute; một số &yacute; kiến đề nghị Quốc hội th&agrave;nh lập Ủy ban gi&aacute;m s&aacute;t đặc biệt đối với việc t&aacute;i cơ cấu ng&acirc;n h&agrave;ng trong đ&oacute; c&oacute; việc xử l&yacute; c&aacute;c ng&acirc;n h&agrave;ng yếu k&eacute;m v&agrave; việc Ng&acirc;n h&agrave;ng Nh&agrave; nước mua lại c&aacute;c ng&acirc;n h&agrave;ng thua lỗ với gi&aacute; 0 đồng.</p>\r\n<p>Theo b&aacute;o c&aacute;o của Ch&iacute;nh phủ tại kỳ họp n&agrave;y, kết quả t&aacute;i cơ cấu c&aacute;c ng&acirc;n h&agrave;ng thương mại cổ phần yếu k&eacute;m trong đ&oacute; c&oacute; việc mua lại ba ng&acirc;n h&agrave;ng với gi&aacute; 0 đồng. C&aacute;c &yacute; kiến của đại biểu Quốc hội về vấn đề n&agrave;y đ&atilde; được tiếp thu.</p>\r\n<p>UBTVQH đ&atilde; bổ sung v&agrave;o Nghị quyết tăng cường gi&aacute;m s&aacute;t việc chuyển đổi sở hữu tại c&aacute;c tổ chức t&iacute;n dụng yếu k&eacute;m, thường xuy&ecirc;n thanh tra gi&aacute;m s&aacute;t, xử l&yacute; kịp thời nghi&ecirc;m minh theo ph&aacute;p luật đối với c&aacute;c sai phạm, đảm bảo an to&agrave;n hệ thống ng&acirc;n h&agrave;ng thương mại v&agrave; giao nhiệm vụ cho c&aacute;c cơ quan Quốc hội tăng cường gi&aacute;m s&aacute;t việc thực hiện t&aacute;i cơ cấu v&agrave; xử l&yacute; c&aacute;c ng&acirc;n h&agrave;ng cổ phần yếu k&eacute;m.</p>\r\n<p>Một số &yacute; kiến đề nghị cải thiện nội dung về cải thiện mạnh mẽ t&igrave;nh trạng mất c&acirc;n đối trong quan hệ thương mại với Trung Quốc v&agrave; c&aacute;c thị trường c&oacute; nhập si&ecirc;u lớn. Ủy ban Thường vụ Quốc hội tiếp thu v&agrave; thể hiện trong dự thảo Nghị quyết.</p>\r\n<p>C&oacute; &yacute; kiến đề xuất r&agrave; so&aacute;t sự chồng ch&eacute;o về chức năng nhiệm vụ trong bộ m&aacute;y nh&agrave; nước, thực hiện tinh giảm bi&ecirc;n chế nhằm giảm chi ph&iacute;, chi ti&ecirc;u thường xuy&ecirc;n. UBTVQH cho biết, hiện nay Ch&iacute;nh phủ đang chỉ đạo triển khai quyết liệt thực hiện vấn đề n&agrave;y v&agrave; nội dung n&agrave;y cũng đ&atilde; được dự thảo Nghị quyết đề cập.</p>\r\n<p><img src=\"tintuc/quoc-hoi-thong-qua-giam-sat-viec-mua-lai-ngan-hang-gia-0-dong.jpg\" alt=\"\" width=\"400\" height=\"266\" /></p>','uploads/1447132383_quoc-hoi-thong-qua-giam-sat-viec-mua-lai-ngan-hang-gia-0-dong.jpg',1,3,'quốc hội','2015-11-10 12:16:36',13,NULL,NULL,'Một trong những nội dung được biểu quyết là giám sát việc chuyển đổi sở hữu tại các tổ chức tín dụng yếu kém; giao nhiệm vụ cho các cơ quan Quốc hội tăng cường giám sát việc thực hiện tái cơ cấu và xử lý các ngân hàng yếu kém','kinh-doanh/quoc-hoi-thong-qua-giam-sat-viec-mua-lai-ngan-hang-gia-0-dong.html'),(41,'DOJI đạt doanh thu gần 50 tỷ đồng chỉ trong 5 ngày Hội chợ VIJF 2015','doji-dat-doanh-thu-gan-50-ty-dong-chi-trong-5-ngay-hoi-cho-vijf-2015','<p>Hội chợ VJIF hằng năm l&agrave; một s&acirc;n chơi lớn d&agrave;nh cho h&agrave;ng trăm đơn vị kinh doanh VBĐQ lớn trong v&agrave; ngo&agrave;i nước tham gia. Đặc biệt, tại Hội chợ VIJF năm nay, với sự cạnh tranh v&ocirc; c&ugrave;ng khốc liệt của nhiều đơn vị k&igrave; cựu trong ng&agrave;nh. Để trở th&agrave;nh &ldquo;t&acirc;m điểm&rdquo; chủ đạo, b&ecirc;n cạnh tập trung v&agrave;o c&aacute;c d&ograve;ng sản phẩm độc đ&aacute;o, Tập đo&agrave;n DOJI đ&atilde; đầu tư tại Hội chợ một kh&ocirc;ng gian tham quan - mua sắm kh&aacute;c biệt v&agrave; ấn tượng mang t&ecirc;n &ldquo;Vương quốc DOJI&rdquo; với diện t&iacute;ch gần 400m2, tiếp tục n&acirc;ng cao khả năng nhận diện v&agrave; tầm v&oacute;c của thương hiệu</p>\r\n<p><img src=\"tintuc/doi-dat-doanh-thu-gan-50-ty-dong-chi-trong-5-ngay-hoi-cho-vif-2015.jpg\" alt=\"\" width=\"430\" height=\"286\" /></p>','uploads/1447132403_doi-dat-doanh-thu-gan-50-ty-dong-chi-trong-5-ngay-hoi-cho-vif-2015.jpg',1,3,'doji đạt doanh thu khủng','2015-11-10 12:17:42',13,NULL,NULL,'Tạo sự khác biệt, nâng cao giá trị tổng thể của thương hiệu, không khó lý giải cho việc Trang sức DOJI','kinh-doanh/doji-dat-doanh-thu-gan-50-ty-dong-chi-trong-5-ngay-hoi-cho-vijf-2015.html'),(42,'Khám phá 10 thứ đắt nhất thế giới','kham-pha-10-thu-dat-nhat-the-gioi','<p>Ch&uacute;ng ta th&iacute;ch d&acirc;y lưng Hermes v&igrave; n&oacute; hợp thời trang v&agrave; c&oacute; chất lượng tốt hay ch&uacute;ng ta th&iacute;ch n&oacute; v&igrave; n&oacute; đắt v&agrave; hiếm? Thật kh&oacute; c&oacute; thể n&oacute;i r&otilde; điều n&agrave;y. Một mặt, c&ocirc;ng ty n&agrave;y sẽ kh&ocirc;ng th&agrave;nh c&ocirc;ng trong việc b&aacute;n mặt h&agrave;ng đắt gi&aacute; n&agrave;y nếu đ&oacute; l&agrave; h&agrave;ng thứ cấp của H&amp;M. Mặt kh&aacute;c, c&oacute; thể c&oacute; rất nhiều loại d&acirc;y lưng kh&aacute;c tr&ecirc;n thế giới c&oacute; chất lượng tốt hơn hoặc tương đương nhưng gi&aacute; của n&oacute; lại kh&ocirc;ng đắt như vậy.</p>\r\n<p>C&acirc;u trả lời c&oacute; lẽ l&agrave; cả hai. Thời trang của họ rất đẹp nhưng kh&ocirc;ng c&oacute; nghĩa l&agrave; kh&ocirc;ng c&oacute; h&agrave;ng n&agrave;o đẹp hơn. Một số thứ như chất pluton c&oacute; gi&aacute; rất đắt v&igrave; n&oacute; c&oacute; nguồn cung rất hạn hẹp trong khi nhu cầu lại rất cao, nhưng nhiều thứ kh&aacute;c rất hấp dẫn mặc d&ugrave; gi&aacute; rất cao v&igrave; uy t&iacute;n thương hiệu.</p>\r\n<p>Dưới đ&acirc;y l&agrave; danh s&aacute;ch 10 thứ đắt nhất thế giới ph&acirc;n theo nh&oacute;m. Một v&agrave;i thứ c&oacute; gi&aacute; cao v&igrave; n&oacute; khan hiếm v&agrave; rất hữu dụng. Một số kh&aacute;c c&oacute; gi&aacute; cao v&igrave; người mua đặt ra mức gi&aacute; đ&oacute;. Kh&ocirc;ng phải l&agrave; người ta phải trả tiền cho những m&oacute;n đồ đ&oacute; m&agrave; họ lựa chọn v&agrave; sẵn s&agrave;ng chi trả v&igrave; niềm đam m&ecirc;. Cũng giống như nh&agrave; vua Hero đ&atilde; qu&aacute; ngất ng&acirc;y bởi điệu m&uacute;a khi che mặt của n&agrave;ng Salome đến nỗi &ocirc;ng n&oacute;i với n&agrave;ng rằng n&agrave;ng xứng đ&aacute;ng c&oacute; cả ng&ocirc;i l&agrave;ng Capernaum, th&agrave;nh phố Tiberias, c&aacute;c l&acirc;u đ&agrave;i v&agrave; cả một nửa vương quốc của &ocirc;ng. Đ&acirc;y quả l&agrave; sự đối đ&atilde;i rất hậu hĩnh.</p>\r\n<p>C&ugrave;ng kh&aacute;m ph&aacute; 10 thứ đắt nhất thế giới dưới đ&acirc;y do The Richest b&igrave;nh chọn.</p>','uploads/1447132750_kham-pha-10-thu-dat-nhat-the-gioi.jpg',1,3,'10 thứ đắt nhất','2015-11-10 12:21:27',13,NULL,NULL,'Có những thứ được bán với giá rất đắt vì nó rất khan hiếm và rất hữu dụng trong cuộc sống, nhưng có những thứ giá cao vì người mua chấp nhận chi trả như vậy','kinh-doanh/kham-pha-10-thu-dat-nhat-the-gioi.html'),(43,'Internet Banking của NCB đạt giải Tin và Dùng Việt Nam 2015','internet-banking-cua-ncb-dat-giai-tin-va-dung-viet-nam-2015','<p>Ng&acirc;n h&agrave;ng TMCP Quốc D&acirc;n (NCB) đ&atilde; đầu tư h&agrave;ng triệu USD để hiện đại h&oacute;a nền tảng c&ocirc;ng nghệ, ph&aacute;t triển Digital Banking, tạo sự kh&aacute;c biệt về dịch vụ v&agrave; trải nghiệm cho người d&ugrave;ng. Dịch vụ Internet Banking của NCB gi&uacute;p kh&aacute;ch h&agrave;ng trải nghiệm dịch vụ c&ocirc;ng nghệ bảo mật, hữu &iacute;ch, tiện lợi, tiết kiệm thời gian v&agrave; chi ph&iacute;.</p>\r\n<p>Kh&aacute;ch h&agrave;ng c&oacute; thể thực hiện c&aacute;c giao dịch bất cứ nơi đ&acirc;u v&agrave; bất cứ l&uacute;c n&agrave;o (24/24) để thực hiện thanh to&aacute;n, chuyển tiền, nạp tiền, tra cứu số dư, sao k&ecirc; giao dịch t&agrave;i khoản&hellip; m&agrave; kh&ocirc;ng cần phải đến quầy giao dịch của NCB.</p>\r\n<p>Mới đ&acirc;y nhất NCB vừa ra mắt k&ecirc;nh &ldquo;Live Chat&rdquo; - hỗ trợ trực tuyến kh&aacute;ch h&agrave;ng tr&ecirc;n website www.ncb-bank.vn . Đ&acirc;y l&agrave; một trong những giải ph&aacute;p trong ph&aacute;t triển Digital Banking, gi&uacute;p NCB hỗ trợ v&agrave; tương t&aacute;c trực tiếp với kh&aacute;ch h&agrave;ng, giải đ&aacute;p ngay lập tức mọi nhu cầu của kh&aacute;ch h&agrave;ng đối với sản phẩm dịch vụ của Ng&acirc;n h&agrave;ng</p>\r\n<p><img src=\"tintuc/internet-banking-cua-ncb-dat-giai-tin-va-dung-viet-nam-2015.jpg\" alt=\"\" width=\"400\" height=\"267\" /></p>','uploads/1447132762_internet-banking-cua-ncb-dat-giai-tin-va-dung-viet-nam-2015.jpg',1,3,'internet banking','2015-11-10 12:22:51',13,NULL,NULL,'Trong chương trình bình chọn sản phẩm hàng hóa/dịch vụ được người tiêu dùng ưa chuộng','kinh-doanh/internet-banking-cua-ncb-dat-giai-tin-va-dung-viet-nam-2015.html'),(44,'Mặc đồ đen đẹp như sao Hollywood','mac-do-den-dep-nhu-sao-hollywood','<p><img src=\"tintuc/mac-do-den-dep-nhu-sao-hollywood.jpg\" alt=\"\" width=\"400\" height=\"565\" /></p>\r\n<p>Si&ecirc;u mẫu Chrissy Teigen khoe v&ograve;ng một nảy nở với chiếc &aacute;o đen xuy&ecirc;n thấu lấp l&oacute; v&ograve;ng một gợi cảm. &Aacute;o voan đen rất hợp với những c&ocirc; g&aacute;i c&oacute; v&oacute;c d&aacute;ng thanh mảnh, v&ograve;ng một căng đầy</p>','uploads/1447133277_mac-do-den-dep-nhu-sao-hollywood.jpg',1,4,'siêu mẫu','2015-11-10 12:29:39',13,NULL,NULL,'Siêu mẫu Chrissy Teigen khoe vòng một nảy nở với chiếc áo đen xuyên thấu lấp ló vòng một gợi cảm. Áo voan đen rất hợp với những cô gái có vóc dáng thanh mảnh, vòng một căng đầy','giai-tri/mac-do-den-dep-nhu-sao-hollywood.html'),(45,'Bố dượng cô Kim diện váy hở vai dự tiệc','bo-duong-co-kim-dien-vay-ho-vai-du-tiec','<p><img src=\"tintuc/bo-duong-co-kim-dien-vay-ho-vai-du-tiec.jpg\" alt=\"\" width=\"399\" height=\"600\" /></p>\r\n<p>Sau khi chuyển giới, vận động vi&ecirc;n thể thao Caitlyn Jenner - T&ecirc;n trước đ&acirc;y l&agrave; Bruce Jenner c&agrave;ng nổi tiếng hơn.</p>','uploads/1447133139_bo-duong-co-kim-dien-vay-ho-vai-du-tiec.jpg',1,4,'bố dượng cô kim','2015-11-10 12:31:16',13,NULL,NULL,'Sau khi chuyển giới, vận động viên thể thao Caitlyn Jenner - Tên trước đây là Bruce Jenner càng nổi tiếng hơn.','giai-tri/bo-duong-co-kim-dien-vay-ho-vai-du-tiec.html'),(47,'Khó tin nhan sắc của Thu Hà ','kho-tin-nhan-sac-cua-thu-ha-la-ngoc-canh-vang','<p>Thu Hà t&acirc;m sự đã từ l&acirc;u c&ocirc; dành trọn thời gian cho gia đình và s&acirc;n kh&acirc;́u kịch mà ngưng đóng phim. Chính vì v&acirc;̣y nhi&ecirc;̀u năm qua người h&acirc;m m&ocirc;̣ kh&ocirc;ng còn th&acirc;́y Thu Hà xu&acirc;́t hi&ecirc;̣n tr&ecirc;n phim ảnh thường xuy&ecirc;n. Thu Hà cũng là di&ecirc;̃n vi&ecirc;n r&acirc;́t ki&ecirc;̣m hình ảnh. C&ocirc; kh&ocirc;ng m&acirc;́y khi tham dự các sự ki&ecirc;̣n, event và cũng lu&ocirc;n ch&ocirc;́i từ các lời mời phỏng v&acirc;́n.</p>\r\n<p>L&acirc;̀n g&acirc;̀n đ&acirc;y nh&acirc;́t người ta th&acirc;́y c&ocirc; là trong phim đi&ecirc;̣n ảnh \'Nhìn ra bi&ecirc;̉n cả\' đã ra mắt từ năm 2010. Bẵng đi 5 năm, Thu Hà b&acirc;́t ngờ nh&acirc;̣n lời trở lại màn ảnh trong b&ocirc;̣ phim truy&ecirc;̀n hình dài 24 t&acirc;̣p \'Khúc hát mặt trời\' tr&ecirc;n VTV từ 25/11.<img src=\"tintuc/kho-tin-nhan-sac-cua-thu-ha-la-ngoc-canh-vang.jpg\" alt=\"\" width=\"400\" height=\"259\" /></p>','uploads/1447133686_kho-tin-nhan-sac-cua-thu-ha-la-ngoc-canh-vang.jpg',1,14,'khó tin nhan sắc thu hà','2015-11-10 12:39:07',13,NULL,NULL,'Từng là một trong những nhan sắc của mànảnh Việt thập niên 1990, ở tuổi 46, diễn viên Thu Hà vẫn giữ được vẻ đẹp đáng ngưỡng mộ.','dien-dan-tri-thuc/kho-tin-nhan-sac-cua-thu-ha-la-ngoc-canh-vang.html'),(48,'Đất và người miền núi phía Bắc qua một cuộc liên hoan ảnh nghệ thuật','dat-va-nguoi-mien-nui-phia-bac-qua-mot-cuoc-lien-hoan-anh-nghe-thuat','<p>Theo th&ocirc;ng tin từ Hội nghệ sỹ nhiếp ảnh Việt Nam, Ban tổ chức v&agrave; Ban gi&aacute;m khảo Li&ecirc;n hoan ảnh nghệ thuật khu vực miền n&uacute;i ph&iacute;a Bắc lần thứ XV năm 2015 với chủ đề ch&iacute;nh \"Đất nước v&agrave; con người miền n&uacute;i ph&iacute;a Bắc h&ocirc;m nay\" v&agrave; chủ đề phụ \"Những d&ograve;ng s&ocirc;ng qu&ecirc; hương\" do Hội nghệ sỹ nhiếp ảnh Việt Nam v&agrave; Ủy ban nh&acirc;n d&acirc;n tỉnh Cao Bằng tổ chức đ&atilde; nhận được 2.290 file ảnh của 320 t&aacute;c giả từ 15 tỉnh trong khu vực gửi dự thi.</p>\r\n<p>Hầu hết c&aacute;c t&aacute;c phẩm<strong>&nbsp; </strong>gửi dự thi đều b&aacute;m s&aacute;t chủ đề ch&iacute;nh \"Đất nước v&agrave; con người miền n&uacute;i ph&iacute;a Bắc h&ocirc;m nay\", tuy nhi&ecirc;n chủ đề phụ \"Những d&ograve;ng s&ocirc;ng qu&ecirc; hương\" chỉ c&oacute; gần 200 t&aacute;c phẩm dự thi n&ecirc;n chỉ c&oacute; 2 giải thưởng đươc trao l&agrave; Huy chương đồng v&agrave; giải khuyến kh&iacute;ch.</p>\r\n<p>Hội đồng gi&aacute;m khảo do &ocirc;ng Vũ Quốc Kh&aacute;nh , Chủ tịch Hội nghệ sỹ nhiếp ảnh Việt Nam l&agrave;m chủ tịch Hội đồng gi&aacute;m khảo Li&ecirc;n hoan ảnh nghệ thuật c&aacute;c tỉnh khu vực miền n&uacute;i ph&iacute;a Bắc lần thứ XV năm 2015 đ&atilde; phối hợp với Hội văn học nghệ thuật tỉnh Cao Bằng chấm thi ảnh c&ocirc;ng khai bằng phương ph&aacute;p hiện đại trước sự chứng kiến của nhiều nghệ sỹ nhiếp ảnh thủ đ&ocirc; H&agrave; Nội v&agrave; c&aacute;c tỉnh l&acirc;n cận.</p>\r\n<p>Hội đồng gi&aacute;m khảo đ&atilde; thống nhất quyết định tặng thưởng 22 t&aacute;c phẩm xuất sắc gồm 2 Huy chương V&agrave;ng, 4 Huy chương Bạc,7 Huy chương Đồng, 9 giải khuyến kh&iacute;ch.</p>\r\n<p>Trong đ&oacute; c&oacute; 2 <strong>giải thưởng</strong> Huy chương V&agrave;ng trao cho t&aacute;c phẩm: \"Th&aacute;c m&acirc;y\" của t&aacute;c giả Nguyễn Thiện H&ugrave;ng (L&agrave;o Cai) v&agrave; t&aacute;c phẩm \" Tuần tra bi&ecirc;n giới\" của t&aacute;c giả Ho&agrave;ng Dương (Vĩnh Ph&uacute;c).</p>\r\n<p>4 giải thưởng 4 Huy chương Bạc cho c&aacute;c t&aacute;c phẩm: \"Nhịp điệu c&ocirc;ng tr&igrave;nh\" của t&aacute;c giả Đinh Văn Cường (Vĩnh Ph&uacute;c),t&aacute;c phẩm\" Vui chơi b&ecirc;n bức tường tuổi thơ\" của t&aacute;c giả Nguyễn Hữu Th&ocirc;ng (Bắc Giang),t&aacute;c phẩm\" Hạnh ph&uacute;c\" của t&aacute;c giả: Đinh Văn Tưởng (Lạng Sơn),t&aacute;c phẩm \" Bản hợp xướng n&uacute;i rừng\" của t&aacute;c giả: L&ecirc; B&aacute;c Đạt (Y&ecirc;n B&aacute;i) c&ugrave;ng 7 Huy chương Đồng v&agrave; 9 giải khuyến kh&iacute;ch cho c&aacute;c t&aacute;c phẩm nổi trội kh&aacute;c.</p>\r\n<p>Đồng thời ban tổ chức v&agrave; Hội đồng gi&aacute;m khảo c&ograve;n quyết định chọn 173 t&aacute;c phẩm ti&ecirc;u biểu để trưng b&agrave;y triển l&atilde;m tại Lễ trao giải thưởng v&agrave; khai mạc triển l&atilde;m Li&ecirc;n hoan ảnh nghệ thuật khu vực miền n&uacute;i ph&iacute;a Bắc lần thứ XV năm 2015 tổ chức tại th&agrave;nh phố Cao Bằng ng&agrave;y 10 th&aacute;ng 11/2015.</p>','uploads/1447134169_dat-va-nguoi-mien-nui-phia-bac-qua-mot-cuoc-lien-hoan-anh-nghe-thuat.jpg',1,14,'cảnh đẹp phương bắc','2015-11-10 12:40:02',13,NULL,NULL,'Từ 2.290 ảnh của 320 tác giả từ 15 tỉnh trong khu vực tham dự Liên hoan ảnh nghệ thuật khu vực miền núi phía Bắc','dien-dan-tri-thuc/dat-va-nguoi-mien-nui-phia-bac-qua-mot-cuoc-lien-hoan-anh-nghe-thuat.html'),(49,'Khi sân khấu tắt đèn, diễn viên phải lấn sân để kiếm sống','khi-san-khau-tat-den-dien-vien-phai-lan-san-de-kiem-song','<p>C&aacute;c chương tr&igrave;nh truyền h&igrave;nh đang chi phối c&aacute;c s&acirc;n khấu l&agrave; điều kh&ocirc;ng thể phủ nhận. C&aacute;c s&acirc;n khấu đ&atilde; gần như l&agrave; đang &ldquo;thoi th&oacute;p&rdquo; để tồn tại, kh&ocirc;ng &iacute;t c&aacute;c s&acirc;n khấu đ&atilde; phải &ldquo;tắt đ&egrave;n&rdquo; v&igrave; kh&ocirc;ng thể duy tr&igrave;.</p>\r\n<p>C&aacute;c s&acirc;n khấu ng&agrave;y c&agrave;ng sống &ldquo;yếu ớt&rdquo; v&igrave; kh&ocirc;ng c&oacute; kh&aacute;n giả một phần v&igrave; nghệ sĩ kh&ocirc;ng c&ograve;n &ldquo;t&acirc;m huyết&rdquo; với s&acirc;n khấu, một phần v&igrave; c&aacute;c chương tr&igrave;nh truyền h&igrave;nh ng&agrave;y c&agrave;ng nhan nhản v&agrave; rầm rộ như hiện nay đ&atilde; kh&ocirc;ng thể k&eacute;o kh&aacute;n giả &ldquo;ra khỏi nh&agrave;&rdquo; để đến với s&acirc;n khấu.</p>\r\n<p>Hiện nay, c&aacute;c chương tr&igrave;nh h&agrave;i kịch, gameshow tr&ecirc;n truyền h&igrave;nh ng&agrave;y c&agrave;ng nhiều, kh&aacute;n giả nằm nh&agrave; cũng c&oacute; thể xem v&agrave; gặp c&aacute;c nghệ sĩ h&agrave;ng đầu tại c&aacute;c s&acirc;n khấu. Họ xuất hiện thường xuy&ecirc;n, để xem họ diễn kh&ocirc;ng c&ograve;n l&agrave; điều kh&oacute; khăn v&agrave; kh&ocirc;ng phải bỏ tiền, bỏ thời gian để đến c&aacute;c s&acirc;n khấu, đ&acirc;y cũng l&agrave; nguy&ecirc;n nh&acirc;n khiến kh&aacute;n giả tại c&aacute;c s&acirc;n khấu ng&agrave;y c&agrave;ng &ldquo;tụt giảm&rdquo; nghi&ecirc;m trọng</p>\r\n<p>Những người đang l&agrave; &ldquo;đầu t&agrave;u&rdquo; tại c&aacute;c s&acirc;n khấu đ&atilde; cảm thấy gần như &ldquo;kiệt quệ&rdquo; để n&iacute;u giữ sự tồn tại của c&aacute;c s&acirc;n khấu. Nghệ sĩ &Aacute;i Như - s&acirc;n khấu kịch Ho&agrave;ng Th&aacute;i Thanh cũng đ&atilde; phải nh&igrave;n nhận việc n&agrave;y một c&aacute;ch kh&aacute; bi quan: &ldquo;T&ocirc;i nghĩ l&agrave; kh&ocirc;ng c&oacute; c&aacute;ch n&agrave;o để vực lại hoạt động s&acirc;n khấu trong t&igrave;nh trạng hiện nay. C&aacute;c lĩnh vực kh&aacute;c c&ograve;n c&oacute; kinh tế, t&agrave;i ch&iacute;nh hỗ trợ, s&acirc;n khấu th&igrave; kh&ocirc;ng c&oacute; h&igrave;nh thức kinh doanh n&agrave;o kh&aacute;c ngo&agrave;i việc b&aacute;n v&eacute;. M&agrave; kh&ocirc;ng b&aacute;n được v&eacute;, kh&ocirc;ng c&oacute; tiền th&igrave; l&agrave;m sao giữ được mức lương ổn định để anh em y&ecirc;n t&acirc;m l&agrave;m nghề, cũng đ&agrave;nh phải để họ bung ra đ&oacute;ng phim, tham gia c&aacute;c s&ocirc; truyền h&igrave;nh. Nghĩ tới kết cục n&agrave;y thấy buồn lắm!&rdquo;</p>\r\n<p>B&agrave; bầu Hồng V&acirc;n cũng từng sống với nghề v&agrave; sống c&ugrave;ng s&acirc;n khấu v&agrave;i chục năm, đang c&ugrave;ng l&uacute;c chị phải vận h&agrave;nh hai s&acirc;n khấu Ph&uacute; Nhuận v&agrave; SuperBowl cũng chia sẻ g&aacute;nh nặng hiện nay của m&igrave;nh: &ldquo;C&oacute; cảm gi&aacute;c như hoạt động s&acirc;n khấu đang chạm đ&aacute;y. N&ecirc;n t&ocirc;i đang tr&ocirc;ng, rất tr&ocirc;ng một sự thay đổi n&agrave;o đ&oacute;. Phải c&oacute; những người trẻ hay c&aacute;c yếu tố mới mẻ n&agrave;o đ&oacute; đủ bản lĩnh để thay đổi, l&agrave;m s&aacute;ng sủa t&igrave;nh h&igrave;nh ảm đạm hiện nay&rdquo;.</p>','uploads/1447133731_khi-san-khau-tat-den-dien-vien-phai-lan-san-de-kiem-song.jpg',1,14,'sân khấu','2015-11-10 12:41:26',13,NULL,NULL,'Các chương trình truyền hình đang chi phối các sân khấu là điều không thể phủ nhận. Các sân khấu đã gần như là đang “thoi thóp” để tồn tại, không ít các sân khấu đã phải “tắt đèn” vì không thể duy trì.','dien-dan-tri-thuc/khi-san-khau-tat-den-dien-vien-phai-lan-san-de-kiem-song.html'),(50,'Angelina Jolie phá nát hình tượng ông bà Smith','angelina-jolie-pha-nat-hinh-tuong-ong-ba-smith','<p>Trang tin điện ảnh Hollywood Reporter cho rằng &ldquo;phim qu&aacute; d&agrave;i, diễn tiến qu&aacute; chậm v&agrave; ho&agrave;n to&agrave;n kh&ocirc;ng c&oacute; kịch t&iacute;nh&rdquo;. Tạp ch&iacute; chuy&ecirc;n đưa tin giải tr&iacute; Variety khẳng định phim &ldquo;khiến tr&aacute;i tim v&agrave; bộ &oacute;c người xem gần như chẳng c&oacute; ch&uacute;t rung động n&agrave;o&rdquo;.</p>\r\n<p>Tạp ch&iacute; điện ảnh Screen Daily th&igrave; n&oacute;i một c&aacute;ch &ldquo;m&aacute;t mẻ&rdquo; rằng phim l&agrave; &ldquo;một dự &aacute;n nghệ thuật thu h&uacute;t nhờ d&agrave;n diễn vi&ecirc;n đ&igrave;nh đ&aacute;m&rdquo;. Screen Daily cho rằng &ldquo;sự tận tụy v&agrave; nghi&ecirc;m t&uacute;c thường thấy của Jolie trong vai tr&ograve; đạo diễn đ&atilde; bị giảm bớt bởi một phong c&aacute;ch qu&aacute; cứng nhắc v&agrave; cường điệu trong bộ phim lần n&agrave;y. Kh&ocirc;ng cần biết thể loại phim l&agrave; g&igrave;, Jolie lu&ocirc;n khiến phim của m&igrave;nh trở n&ecirc;n qu&aacute; cứng, tới mức kh&aacute;n giả cảm thấy nặng nề, nghẹt thở&rdquo;.</p>\r\n<p>Trang tin giải tr&iacute; The Wrap th&igrave; gọi bộ phim l&agrave; một &ldquo;t&aacute;c phẩm điện ảnh g&acirc;y buồn ngủ v&agrave; kh&aacute; chệch choạng&rdquo;, rằng &ldquo;danh tiếng của Angelina Jolie trong vai tr&ograve; một nh&agrave; l&agrave;m phim sẽ kh&ocirc;ng ho&agrave;n to&agrave;n bị hủy hoại bởi bộ phim n&agrave;y, nhưng cũng chẳng thể n&agrave;o được n&acirc;ng tầm l&ecirc;n d&ugrave; chỉ một ch&uacute;t&rdquo;.</p>\r\n<p>The Wrap cho rằng phim &ldquo;cứng nhắc đến mức xem hai diễn vi&ecirc;n t&agrave;i năng thể hiện sự trống rỗng, v&ocirc; hồn trong hai nh&acirc;n vật ch&iacute;nh, người xem lại thấy như thể lửa t&igrave;nh trong họ đ&atilde; tắt ng&uacute;m; sự nỗ lực trong diễn xuất của Jolie-Pitt ở bộ phim n&agrave;y khiến người xem cảm thấy kh&aacute; lạc l&otilde;ng v&agrave; đơn điệu&rdquo;.</p>','uploads/1447133779_angelina-olie-pha-nat-hinh-tuong-ong-ba-smith.jpg',1,14,'angella jollie','2015-11-10 12:44:01',13,NULL,NULL,'Trang tin điện ảnh Hollywood Reporter cho rằng “phim quá dài, diễn tiến quá chậm và hoàn toàn không có kịch tính”. Tạp chí chuyên đưa tin giải trí Variety khẳng định phim “khiến trái tim và bộ óc người xem gần như chẳng có chút rung động nào”.','dien-dan-tri-thuc/angelina-jolie-pha-nat-hinh-tuong-ong-ba-smith.html'),(51,'Việt Nam không có quy định truất vương miện hoa hậu vì mang thai','viet-nam-khong-co-quy-dinh-truat-vuong-mien-hoa-hau-vi-mang-thai','<p>Theo Nghị định 79/2012, thi người đẹp, người mẫu chỉ quy định: Th&iacute; sinh l&agrave; c&ocirc;ng d&acirc;n Việt Nam, phải từ đủ 18 tuổi trở l&ecirc;n, c&oacute; bằng tốt nghiệp PTTH trở l&ecirc;n, chứ kh&ocirc;ng c&oacute; quy định về mang thai. C&ograve;n người đẹp đi thi quốc tế th&igrave; phải theo quy định của nước sở tại.</p>\r\n<p>C&ograve;n trong thể lệ dự thi&nbsp; hoa hậu Việt Nam 2014 của b&aacute;o Tiền phong quy định điều kiện dự thi Hoa hậu l&agrave; chưa lập gia đ&igrave;nh (chưa tổ chức đ&aacute;m cưới, chưa đăng k&yacute; kết h&ocirc;n lần n&agrave;o, chưa sống với ai như vợ chồng) v&agrave; chưa sinh con.</p>\r\n<p>Trao đổi với PV Thethaovanhoa.vn về &ldquo;Hoa hậu Việt Nam c&oacute; quy định về mang thai kh&ocirc;ng?&rdquo; &ocirc;ng L&ecirc; Xu&acirc;n Sơn - TBT b&aacute;o Tiền phong cười: &ldquo;Thực sự sự t&ocirc;i kh&ocirc;ng nhớ, bởi quy chế, thể lệ cuộc thi với c&aacute;c th&iacute; sinh kh&aacute; d&agrave;i. Tuy nhi&ecirc;n, t&ocirc;i nghĩ rằng kh&ocirc;ng ai c&oacute; thể chấp nhận Hoa hậu mang thai trong nhiệm kỳ cả! Việc n&agrave;y t&ocirc;i chưa từng biết v&agrave; chưa thể h&igrave;nh dung được&rdquo;.</p>\r\n<p><img src=\"tintuc/viet-nam-khong-co-quy-dinh-truat-vuong-mien-hoa-hau-vi-mang-thai.jpg\" alt=\"\" width=\"480\" height=\"376\" /></p>','uploads/1447133789_viet-nam-khong-co-quy-dinh-truat-vuong-mien-hoa-hau-vi-mang-thai.jpg',1,14,'quy định về hoa hậu','2015-11-10 12:45:21',13,NULL,NULL,'Đó là câu hỏi đặt ra xung quanh tin Hoa hậu Hoàn vũ Paraguay – người đẹp Laura Garcete - bị phế truất vương miện vì mang thai khi sau đăng quang chỉ chưa đầy hai tháng. ','dien-dan-tri-thuc/viet-nam-khong-co-quy-dinh-truat-vuong-mien-hoa-hau-vi-mang-thai.html'),(52,'Sony Walkman ZX100 - máy nghe nhạc Hi-res giá gần 10 triệu đồng','sony-walkman-zx100-may-nghe-nhac-hi-res-gia-gan-10-trieu-dong','<p>Để chuẩn bị cho m&ugrave;a mua sắm cuối năm 2015 gần kề,&nbsp; sony đ&atilde; cho ra mắt h&agrave;ng loạt chiếc m&aacute;y nghe nhạc walkman cao cấp như ZX100, A25HN/A27HN (thay thế cho A15 v&agrave; A17 đ&atilde; rất th&agrave;nh c&ocirc;ng) v&agrave; d&ograve;ng tai nghe H.ear mới. Trong đ&oacute;, ZX100 được đ&aacute;nh gi&aacute; l&agrave; phi&ecirc;n bản kế nhiệm cho ZX1 ở ph&acirc;n kh&uacute;c cao cấp của Sony với thiết kế tương tự như mẫu ZX2, bộ nhớ trong 128GB, nhiều c&ocirc;ng nghệ mới v&agrave; hoạt động tr&ecirc;n hệ điều h&agrave;nh ri&ecirc;ng của Sony.</p>\r\n<p>Hiện tại, ZX100 đ&atilde; ch&iacute;nh thức l&ecirc;n kệ ở Việt Nam với gi&aacute; b&aacute;n 9.990.000 VND. Sau đ&acirc;y l&agrave; những c&aacute;i nh&igrave;n đầu ti&ecirc;n về chiếc m&aacute;y nghe nhạc cao cấp mới nhất của nh&agrave; sản xuất đến từ Nhật Bản</p>\r\n<p><img src=\"tintuc/sony-walkman-zx100-may-nghe-nhac-hires-gia-gan-10-trieu-dong.JPG\" alt=\"\" width=\"640\" height=\"427\" /></p>','uploads/1447176261_sony-walkman-zx100-may-nghe-nhac-hires-gia-gan-10-trieu-dong.JPG',1,7,'sony walkman , điện thoại','2015-11-11 00:26:01',13,NULL,NULL,'Đây hứa hẹn sẽ là chiếc Walkman chiến lược của Sony trong nỗ lực thu hút khách hàng và mở rộng thị trường.','cong-nghe/sony-walkman-zx100-may-nghe-nhac-hi-res-gia-gan-10-trieu-dong.html'),(53,'Bất ngờ với Lenovo A7000 Plus','bat-ngo-voi-lenovo-a7000-plus','<p>M&aacute;y sở hữu mức gi&aacute; cực \"hot\" với những t&iacute;nh năng hấp dẫn m&agrave; &iacute;t ai c&oacute; thể chối từ như m&agrave;n h&igrave;nh lớn sắc n&eacute;t, &acirc;m thanh chất lượng cao, camera chụp h&igrave;nh đẹp, hiệu năng ấn tượng, kết nối mạnh mẽ v&agrave; nhiều tiện &iacute;ch tối đa.</p>\r\n<p>C&oacute; mặt tại thị trường Việt Nam từ trung tuần th&aacute;ng 9/2015, Lenovo A7000 Plus l&agrave; điển h&igrave;nh cho những lợi &iacute;ch tối đa m&agrave; d&ograve;ng smartphone Lenovo c&oacute; thể mang lại. Đ&oacute; l&agrave; sự vượt trội trong mối tương quan giữa gi&aacute; cả v&agrave; hiệu năng, hiệu quả sử dụng. Kh&ocirc;ng mấy ngạc nhi&ecirc;n khi thời gian qua A7000 Plus lu&ocirc;n l&agrave; chiếc smartphone được nhiều người d&ugrave;ng Việt Nam săn đ&oacute;n</p>\r\n<p><img src=\"tintuc/img20151118092805802.jpg\" alt=\"\" width=\"400\" height=\"308\" /></p>','uploads/1447903827_img20151118092805802.jpg',1,7,'lenovo 7,giá hot','2015-11-19 10:32:55',13,NULL,NULL,'Lenovo A7000 Plus tạo nên sự khác biệt bất ngờ so với nhiều chiếc smartphone cùng phân khúc.','cong-nghe/bat-ngo-voi-lenovo-a7000-plus.html'),(54,'Nhà thiết kế chuyên nghiệp nói gì về iPad Pro? ','nha-thiet-ke-chuyen-nghiep-noi-gi-ve-ipad-pro','<p>C&aacute;c b&agrave;i đ&aacute;nh gi&aacute; trước về ipad pro, đ&atilde; cho ta biết n&oacute; to như thế n&agrave;o, liệu c&oacute; xứng đ&aacute;ng với gi&aacute; tiền hay kh&ocirc;ng, v&agrave; liệu n&oacute; c&oacute; thể hay kh&ocirc;ng thể thay thế laptop với người d&ugrave;ng b&igrave;nh thường. Nhưng với <strong>Carrie Ruby, gi&aacute;m đốc thiết kế tại Vox Media</strong>, anh ấy quan t&acirc;m nhiều hơn đến việc c&oacute; thể sử dụng c&aacute;c ứng dụng h&agrave;ng ng&agrave;y anh ấy vẫn thường d&ugrave;ng hay kh&ocirc;ng.</p>\r\n<p><em>Dưới đ&acirc;y l&agrave; một số đ&aacute;nh gi&aacute;, nhận x&eacute;t của anh ấy về thiết bị n&agrave;y đ&atilde; được ch&uacute;ng t&ocirc;i lược dịch:</em></p>\r\n<p>Theo nhiều c&aacute;ch kh&aacute;c nhau, c&aacute;c thiết bị điện to&aacute;n m&agrave; t&ocirc;i sử dụng, như đ&atilde; trở th&agrave;nh một phần trong t&ocirc;i. T&ocirc;i sử dụng Macbook Pro để ph&aacute;c thảo, s&aacute;ng tạo v&agrave; tưởng tượng ra c&aacute;c thiết kế. V&agrave; t&ocirc;i kh&ocirc;ng thường d&ugrave;ng đến chiếc iPad cho c&ocirc;ng việc, v&igrave; vậy lời cam kết về iPad Pro như một thiết bị phục vụ s&aacute;ng tạo đặc biệt hấp dẫn t&ocirc;i.</p>\r\n<p>T&ocirc;i đ&atilde; rất kỳ vọng rằng chiếc iPad mới n&agrave;y sẽ biến t&ocirc;i th&agrave;nh một ng&ocirc;i sao nhạc rock về thiết kế. &Yacute; t&ocirc;i l&agrave; n&oacute; đủ lớn để c&oacute; thể thay đổi cuộc đời t&ocirc;i.</p>\r\n<p><img src=\"tintuc/nha-thiet-ke-chuyen-nghiep-noi-gi-ve-ipad-pro.jpg\" alt=\"\" width=\"400\" height=\"267\" /></p>\r\n<p>&nbsp;</p>','uploads/1447904061_nha-thiet-ke-chuyen-nghiep-noi-gi-ve-ipad-pro.jpg',1,7,'ipad pro,thiết kế chuyên nghiệp','2015-11-19 10:39:48',13,NULL,NULL,'Một thiết bị thích hợp với những người làm nghề thiết kế và sáng tạo, nhưng chưa phải là hoàn hảo nhất. Phần cứng tốt, nhưng các ứng dụng di động chưa được đầy đủ tính năng như trên desktop, nhưng điều này có thể sẽ được cải thiện trong tương lai','cong-nghe/nha-thiet-ke-chuyen-nghiep-noi-gi-ve-ipad-pro.html'),(55,'Ra mắt điện thoại siêu tự sướng, camera trước hỗ trợ tới 21 megapixel','ra-mat-dien-thoai-sieu-tu-suong-camera-truoc-ho-tro-toi-21-megapixel','<p>Smartphone chuy&ecirc;n cho tự sướng đ&atilde; kh&ocirc;ng c&ograve;n l&agrave; kh&aacute;i niệm xa lạ với người d&ugrave;ng c&ocirc;ng nghệ. Tuy nhi&ecirc;n, 1 nh&agrave; sản xuất Trung Quốc đ&atilde; n&acirc;ng tầm điện thoại tự sướng l&ecirc;n đẳng cấp mới bằng việc ra mắt smartphone Meitu V4 với camera trước hỗ trợ tới 21 megapixel. Bằng việc t&iacute;ch hợp camera trước độ ph&acirc;n giải \"khủng\", người d&ugrave;ng c&oacute; thể \"tự sướng\" với chất lượng ảnh cực sắc n&eacute;t cũng như chat video chất lượng cao th&ocirc;ng qua Meitu V4</p>\r\n<p><img src=\"tintuc/ra-mat-dien-thoai-sieu-tu-suong-camera-truoc-ho-tro-toi-21-megapixel.jpg\" alt=\"\" width=\"400\" height=\"222\" /></p>\r\n<p>Ngo&agrave;i camera trước độ ph&acirc;n giải lớn, camera sau của Meitu cũng kh&ocirc;ng hề k&eacute;m cạnh với khả năng chụp ảnh ở độ ph&acirc;n giải tương tự. Chiếc điện thoại n&agrave;y được trang bị m&agrave;n h&igrave;nh AMOLED 5 inch độ ph&acirc;n giải 1.080x1.920 pixel c&ugrave;ng vi xử l&yacute; MediaTek MT6785 8 l&otilde;i Cortex-A53 k&egrave;m nh&acirc;n đồ họa PowerVR G6200 v&agrave; 3 GB RAM. M&aacute;y t&iacute;ch hợp bộ nhớ trong 64 GB v&agrave; hoạt đọng tr&ecirc;n nền hệ điều h&agrave;nh Android 5.1 với giao diện MeiOS 2.5. Meitu V4 c&oacute; gi&aacute; b&aacute;n 548 USD với c&aacute;c phi&ecirc;n bản m&agrave;u sắc trẻ trung hướng tới người d&ugrave;ng nữ bao gồm lam, trắng hồng v&agrave; hồng.</p>\r\n<p>Nh&agrave; sản xuất cũng đưa ra 1 phi&ecirc;n bản m&agrave;n h&igrave;nh nhỏ v&agrave; gi&aacute; b&aacute;n rẻ hơn của Meitu V4 l&agrave; meitu V4s. Meitu V4 sử dụng m&agrave;n h&igrave;nh 4,7 inch độ ph&acirc;n giải 720x1.280 pixel, mật độ điểm ảnh 312 ppi, chip MediaTek MT6752 v&agrave; 3 GB RAM. M&aacute;y hỗ trợ camera trước v&agrave; sau độ ph&acirc;n giải 13 megapixel, dung lượng pin 2.160 mAh nhưng lại chỉ chạy Android 4.4 kh&aacute; cũ. Smartphone n&agrave;y được b&aacute;n với gi&aacute; 376 USD.</p>','uploads/1447904578_5-meituv4-1447839103156.jpg',1,7,'meitu v4','2015-11-19 10:45:12',13,NULL,NULL,'Meitu V4 có giá bán 548 USD với các phiên bản màu sắc trẻ trung hướng tới người dùng nữ bao gồm lam, trắng hồng và hồng.','cong-nghe/ra-mat-dien-thoai-sieu-tu-suong-camera-truoc-ho-tro-toi-21-megapixel.html'),(56,'Ngắm hotgirl Midu dịu dàng bên Meizu MX 5','ngam-hotgirl-midu-diu-dang-ben-meizu-mx-5','<p>Mới đ&acirc;y, thương hiệu điện thoại nổi tiếng Trung Quốc Meizu vừa ch&iacute;nh thức gia nhập thị trường smartphone Việt Nam th&ocirc;ng qua nh&agrave; ph&acirc;n phối PHTD, theo đ&oacute;, nh&agrave; ph&acirc;n phối PHTD sẽ ph&acirc;n phối ch&iacute;nh h&atilde;ng 3 sản phẩm l&agrave; Meizu M2, M2 Note v&agrave; MX5 tại Việt Nam.</p>\r\n<p>C&ugrave;ng với sự ra mắt thương hiệu điện thoại mới lần n&agrave;y, hot girl Midu cũng ch&iacute;nh thức trở th&agrave;nh đại sứ h&igrave;nh ảnh cho Meizu tại Việt Nam. H&atilde;y c&ugrave;ng xem một số h&igrave;nh ảnh của hot girl Midu hiền dịu b&ecirc;n chiếc smartphone Meizu MX 5</p>\r\n<p><img src=\"tintuc/ngam-hotgirl-midu-diu-dang-ben-meizu-mx-5.jpg\" alt=\"\" width=\"400\" height=\"600\" /></p>\r\n<p>&nbsp;</p>','uploads/1447904743_dsc09270-edit-1447823870312-crop-1447824511356.jpg',1,7,'mizu bên máy meizu','2015-11-19 10:47:43',13,NULL,NULL,'Cùng ngắm những hình ảnh dịu dàng của hot girl Midu bên điện thoại Meizu.','cong-nghe/ngam-hotgirl-midu-diu-dang-ben-meizu-mx-5.html'),(57,'Các fan cuồng phát hiện vị thần cổ đại trên sao Hỏa','cac-fan-cuong-phat-hien-vi-than-co-dai-tren-sao-hoa','<p>Trước đ&acirc;y, c&oacute; người từng tuy&ecirc;n bố đ&atilde; nh&igrave;n thấy <em>\"xương đ&ugrave;i\"</em> tr&ecirc;n sao Hỏa. Người kh&aacute;c n&oacute;i rằng họ nh&igrave;n thấy một h&igrave;nh dạng tr&ocirc;ng như <em>\"c&aacute;i b&aacute;nh r&aacute;n\"</em> của người ngo&agrave;i h&agrave;nh tinh. Bạn đ&atilde; từng trầm trồ trước h&igrave;nh ảnh<em> &ldquo;người phụ nữ b&iacute; ẩn mặc v&aacute;y&rdquo;</em> tr&ecirc;n đ&oacute;, b&acirc;y giờ bạn lại thấy<strong><em> &ldquo;vị thần cổ đại của sao Hỏa&rdquo;</em> - một h&ograve;n đ&aacute; tr&ecirc;n h&agrave;nh tinh Đỏ tr&ocirc;ng giống như một khu&ocirc;n mặt tượng thần in</strong>trong s&aacute;ch khảo cổ học.</p>\r\n<p><img src=\"tintuc/vat-the-tren-sao-hoa.jpg\" alt=\"\" width=\"400\" height=\"230\" /></p>\r\n<p>Nếu bạn nheo mắt lại v&agrave; để cho tr&iacute; tưởng tượng của m&igrave;nh bay xa, bạn c&oacute; thể thấy sự tương đồng giữa h&igrave;nh ảnh khu&ocirc;n mặt tr&ecirc;n sao Hỏa với những t&aacute;c phẩm đi&ecirc;u khắc cổ xưa m&agrave; bạn c&oacute; thể chi&ecirc;m ngưỡng ở Bảo t&agrave;ng nước Anh. Đặc biệt, n&oacute; tr&ocirc;ng giống <strong>tượng Nabu</strong>, một <strong>vị thần tr&iacute; tuệ của người Assyri cổ</strong>. N&oacute; cũng giống như khu&ocirc;n mặt người của bức tượng Nh&acirc;n sư khổng lồ c&oacute; c&aacute;nh nổi tiếng hiện đang được trưng b&agrave;y ở bảo t&agrave;ng n&agrave;y. Tượng nh&acirc;n sư n&agrave;y c&oacute; tuổi v&agrave;o khoảng năm 883-859 trước C&ocirc;ng nguy&ecirc;n.</p>','uploads/1447905423_vat-the-tren-sao-hoa-1-size-200x0-znd.jpg',1,15,'vật thể sao hỏa','2015-11-19 10:59:22',13,NULL,NULL,'Trước đây, có người từng tuyên bố đã nhìn thấy \"xương đùi\" trên sao Hỏa','khoa-hoc/cac-fan-cuong-phat-hien-vi-than-co-dai-tren-sao-hoa.html'),(58,'Cách sống sót qua thảm họa hạt nhân','cach-song-sot-qua-tham-hoa-hat-nhan','<p>Nếu thảm họa hạt nh&acirc;n xảy ra, thế giới sẽ tr&agrave;n ngập ph&oacute;ng xạ. C&aacute;c chuy&ecirc;n gia của Hiệp hội h&oacute;a học Mỹ (ACS) chỉ ra những yếu tố sau để sống s&oacute;t v&agrave; sinh tồn nếu xảy ra thảm họa.</p>\r\n<p><img src=\"tintuc/vu-no-hat-nhan.jpg\" alt=\"\" width=\"400\" height=\"263\" /></p>\r\n<p>Điều n&agrave;y c&oacute; nghĩa l&agrave; phải sớm tr&aacute;nh c&agrave;ng xa c&agrave;ng tốt nơi xảy ra c&aacute;c vụ nổ hạt nh&acirc;n, với sự che chắn tốt nhất c&oacute; thể. Trong v&ograve;ng một tuần phơi nhiễm bạn sẽ bị ch&oacute;ng mặt, mất phương hướng, suy nhược, mệt mỏi, rụng t&oacute;c, n&ocirc;n ra m&aacute;u v&agrave; ph&acirc;n, kh&oacute; l&agrave;nh vết thương, huyết &aacute;p thấp. Sau một tuần c&oacute; thể dẫn đến tử vong.</p>','uploads/1447906045_vu-no-hat-nhan.jpg',1,15,'sống sót qua vụ nổ hạt nhân','2015-11-19 11:04:58',13,NULL,NULL,'Các chuyên gia Mỹ chỉ ra các dấu hiệu nhận biết bị phơi nhiễm phóng xạ và cách để sống sót nếu xảy ra thảm họa hạt nhân.','khoa-hoc/cach-song-sot-qua-tham-hoa-hat-nhan.html'),(59,'Số phận đàn hươu trắng quý hiếm ở kho vũ khí của quân đội Mỹ','so-phan-dan-huou-trang-quy-hiem-o-kho-vu-khi-cua-quan-doi-my','<p>New York, một trong c&aacute;c kho cất trữ bom đạn quan trọng nhất của qu&acirc;n đội Mỹ thời Chiến tranh Lạnh. Ch&iacute;nh quyền địa phương đang t&igrave;m c&aacute;ch đưa kho vũ kh&iacute; v&agrave;o đấu thầu trong th&aacute;ng tới, l&agrave;m dấy l&ecirc;n những lo ngại về số phận của đ&agrave;n hươu trắng sau thương vụ b&aacute;n đất.</p>\r\n<p><img src=\"tintuc/huou-trang.jpg\" alt=\"\" width=\"400\" height=\"300\" /></p>\r\n<p>Đ&agrave;n hươu c&oacute; thể tồn tại trong suốt thời gian d&agrave;i chủ yếu nhờ 39km h&agrave;ng r&agrave;o mắt c&aacute;o bao quanh được dựng l&ecirc;n khi kho vũ kh&iacute; ra đời v&agrave;o năm 1941. Hươu trắng l&agrave; biến thể gene tự nhi&ecirc;n của những con hươu n&acirc;u th&ocirc;ng thường. Ch&uacute;ng kh&ocirc;ng mất mọi sắc tố như trường hợp mắc chứng bạch tạng, m&agrave; chỉ thiếu sắc tố ở l&ocirc;ng.</p>\r\n<p>Trong tự nhi&ecirc;n, hươu trắng c&oacute; tuổi thọ rất ngắn v&agrave; thường dễ d&agrave;ng trở th&agrave;nh mục ti&ecirc;u của th&uacute; săn mồi v&agrave; c&aacute;c thợ săn t&igrave;m chiến lợi phẩm. Nhiều đ&agrave;n hươu trắng nhỏ sống rải r&aacute;c trong những khu vực được bảo vệ ở khu&ocirc;n vi&ecirc;n Ph&ograve;ng th&iacute; nghiệm Quốc gia tại Illinois, nhưng Seneca Army Depot l&agrave; nơi tập trung đ&ocirc;ng hươu trắng nhất nước Mỹ</p>','uploads/1447905943_huou-trang-2-size-170x0-znd.jpg',1,15,'đàn hươu trắng','2015-11-19 11:07:07',13,NULL,NULL,'Theo AP, những con hươu trắng, kết quả tự nhiên của đột biến gene, sinh sôi trên 28km2 đất có hàng rào bao quanh, tại Seneca Army Depot, ','khoa-hoc/so-phan-dan-huou-trang-quy-hiem-o-kho-vu-khi-cua-quan-doi-my.html'),(60,'Khám phá tượng nữ thần tự do ở Mỹ','kham-pha-tuong-nu-than-tu-do-o-my','<p>2. Trước khi sự kiện 11/9/2001 xảy ra, tượng nữ thần tự do được mở cửa để du kh&aacute;ch tham quan c&oacute; thể leo l&ecirc;n cao tới tận vương miện của bức tượng n&agrave;y v&agrave; ngắm quang cảnh của bến cảng New York. Sau sự kiện kinh ho&agrave;ng 11/9, năm 2004, c&aacute;c nh&agrave; chức tr&aacute;ch đ&atilde; cho ph&eacute;p mở cửa lại bức tượng. Tuy nhi&ecirc;n, đến tận năm 2009, khu vực vương miện của nữ thần mới được mở trở lại.</p>\r\n<p><img src=\"tintuc/tuongnuthantudo.jpg\" alt=\"\" width=\"400\" height=\"250\" /></p>\r\n<p>2. Trước khi sự kiện 11/9/2001 xảy ra, tượng nữ thần tự do được mở cửa để du kh&aacute;ch tham quan c&oacute; thể leo l&ecirc;n cao tới tận vương miện của bức tượng n&agrave;y v&agrave; ngắm quang cảnh của bến cảng New York. Sau sự kiện kinh ho&agrave;ng 11/9, năm 2004, c&aacute;c nh&agrave; chức tr&aacute;ch đ&atilde; cho ph&eacute;p mở cửa lại bức tượng. Tuy nhi&ecirc;n, đến tận năm 2009, khu vực vương miện của nữ thần mới được mở trở lại.</p>','uploads/1447906082_tuongnuthantudo1-size-170x0-znd.jpg',1,15,'tượng nữ thân','2015-11-19 11:09:58',13,NULL,NULL,'1. Tên đầy đủ của tượng Nữ thần tự do là Tự do soi sáng thế giới (Liberty Enlightening the World).','khoa-hoc/kham-pha-tuong-nu-than-tu-do-o-my.html'),(61,'Khoảng 50% mẫu vật lịch sử tự nhiên có thể đang bị đánh sais','khoang-50-mau-vat-lich-su-tu-nhien-co-the-dang-bi-danh-sais','<p>Trong một tuy&ecirc;n bố ng&agrave;y 16/11, chuy&ecirc;n gia Robert Scotland về khoa học c&acirc;y trồng của Đại học Oxford cho rằng nhiều lĩnh vực của khoa học sinh vật, bao gồm nghi&ecirc;n cứu học thuật về tiến h&oacute;a v&agrave; bảo tồn, phụ thuộc nhiều v&agrave;o việc x&aacute;c định t&ecirc;n ch&iacute;nh x&aacute;c của c&aacute;c lo&agrave;i. Nếu thiếu đi sự ch&iacute;nh x&aacute;c n&agrave;y, bộ dữ liệu to&agrave;n cầu sẽ kh&ocirc;ng c&ograve;n &yacute; nghĩa do mất đi t&iacute;nh kết nối với thực tế b&ecirc;n ngo&agrave;i.</p>\r\n<p><img src=\"tintuc/mau-thuc-vat.jpg\" alt=\"\" width=\"400\" height=\"260\" /></p>\r\n<p>Nh&oacute;m của chuy&ecirc;n gia Scotland đ&atilde; nghi&ecirc;n cứu 4.500 <strong>mẫu vật của giống Aframomum ch&acirc;u Phi</strong> thuộc họ gừng. Một nghi&ecirc;n cứu chuy&ecirc;n khảo chi tiết về giống n&agrave;y đ&atilde; được ho&agrave;n th&agrave;nh trong năm 2014, cung cấp một bộ hồ sơ ch&iacute;nh x&aacute;c cao về tất cả c&aacute;c lo&agrave;i của giống n&agrave;y c&ugrave;ng c&aacute;c mẫu vật hiện đang lưu trữ tr&ecirc;n thế giới.</p>\r\n<p>Theo nh&oacute;m nghi&ecirc;n cứu, trước khi c&oacute; bộ hồ sơ n&agrave;y, &iacute;t nhất 58% số mẫu vật của giống n&agrave;y hoặc l&agrave; bị nhầm t&ecirc;n, t&ecirc;n kh&ocirc;ng ch&iacute;nh x&aacute;c hoặc qu&aacute; cũ, hoặc chỉ được x&aacute;c định thuộc họ gừng. Do tới nay mới chỉ c&oacute; một v&agrave;i giống được nghi&ecirc;n cứu chuy&ecirc;n khảo, c&aacute;c nh&agrave; khoa học tin rằng vẫn c&ograve;n một số lượng lớn c&aacute;c mẫu vật vẫn đang chịu cảnh nhầm lẫn n&agrave;y.</p>','uploads/1447906217_mau-thuc-vat-1-size-170x0-znd.jpg',1,15,'khoa học cây trồng','2015-11-19 11:11:50',13,NULL,NULL,'Trong một tuyên bố ngày 16/11, chuyên gia Robert Scotland về khoa học cây trồng của Đại học Oxford','khoa-hoc/khoang-50-mau-vat-lich-su-tu-nhien-co-the-dang-bi-danh-sais.html'),(62,'ông Putin từ chối gặp','ong-putin-tu-choi-gap','<p>Kh&ocirc;ng có k&ecirc;́ hoạch nào cho cu&ocirc;̣c gặp mặt với &ocirc;ng Erdogan&rdquo;, người phát ng&ocirc;n Đi&ecirc;̣n Kremlin Dmitry Peskov cho biết với báo giới. &Ocirc;ng Peskov nh&acirc;́n mạnh, ngoài ra, cũng sẽ kh&ocirc;ng có b&acirc;́t cứ hình thức li&ecirc;n h&ecirc;̣ nào khác, k&ecirc;̉ cả đi&ecirc;̣n đàm.</p>\r\n<p>Ngược lại, T&ocirc;̉ng th&ocirc;́ng Putin có th&ecirc;̉ sẽ h&ocirc;̣i đàm với T&ocirc;̉ng th&ocirc;́ng Mỹ Barack Obama b&ecirc;n l&ecirc;̀ h&ocirc;̣i nghị này, &ocirc;ng Peskov cho bi&ecirc;́t.</p>\r\n<p>Th&ocirc;ng tin tr&ecirc;n được đưa ra sau khi T&ocirc;̉ng th&ocirc;́ng Th&ocirc;̉ Nhĩ Kỳ Erdogan cho bi&ecirc;́t &ocirc;ng mong mu&ocirc;́n h&ocirc;̣i đàm với T&ocirc;̉ng th&ocirc;́ng Nga Putin b&ecirc;n l&ecirc;̀ h&ocirc;̣i nghị ở Paris đ&ecirc;̉ hạ nhi&ecirc;̣t căng thẳng sau vụ máy bay qu&acirc;n sự Su-24 bị bắn rơi.</p>\r\n<p>Trong khi đó, Thủ tướng Th&ocirc;̉ Nhĩ Kỳ Ahmet Davutoglu h&ocirc;m nay tuy&ecirc;n b&ocirc;́, chính phủ nước này sẽ kh&ocirc;ng xin l&ocirc;̃i v&ecirc;̀ vụ bắn rơi máy bay Nga h&ocirc;m 24/11 vừa qua. &Ocirc;ng Davutoglu nói Th&ocirc;̉ Nhĩ Kỳ chỉ đơn giản hành đ&ocirc;̣ng đ&ecirc;̉ bảo v&ecirc;̣ kh&ocirc;ng ph&acirc;̣n.</p>\r\n<p><img src=\"tintuc/ngaxinloi.jpg\" alt=\"\" width=\"400\" height=\"225\" /></p>','uploads/1449072158_thonhikimuon.jpg',1,1,'ông putin không chấp nhận','2015-12-01 01:15:58',13,NULL,NULL,'Điện Kremlin hôm 30/11 cho biết, Tổng thống Nga Vladimir Putin chính thức từ chối tiếp người đồng cấp Thổ Nhĩ Kỳ Recep Tayyip Erdogan bên lề Hội nghị thượng đỉnh về biến đổi khí hậu COP 21 diễn ra ở Paris.','phap-luat/ong-putin-tu-choi-gap.html');

/*Table structure for table `article_category` */

DROP TABLE IF EXISTS `article_category`;

CREATE TABLE `article_category` (
  `article_category_id` int(5) NOT NULL AUTO_INCREMENT,
  `article_category_name` varchar(255) DEFAULT NULL,
  `article_category_alias` varchar(255) DEFAULT NULL,
  `article_category_image` varchar(255) DEFAULT NULL,
  `article_category_active` int(4) DEFAULT '1',
  `article_category_parent_id` int(4) DEFAULT '0',
  PRIMARY KEY (`article_category_id`)
) ENGINE=InnoDB AUTO_INCREMENT=17 DEFAULT CHARSET=utf8;

/*Data for the table `article_category` */

insert  into `article_category`(`article_category_id`,`article_category_name`,`article_category_alias`,`article_category_image`,`article_category_active`,`article_category_parent_id`) values (1,'Pháp luật','phap-luat','',1,0),(2,'Đời sống','doi-song',NULL,1,0),(3,'Kinh doanh','kinh-doanh',NULL,1,0),(4,'Giải trí','giai-tri',NULL,1,0),(5,'Thể thao','the-thao',NULL,1,0),(6,'An ninh - Hình sự','an-ninh-hinh-su','',1,0),(7,'Công nghệ','cong-nghe',' fa-apple ',1,0),(13,'Chính trị - xã hội','chinh-tri-xa-hoi','',0,0),(14,'Diễn đàn tri thức','dien-dan-tri-thuc','',1,0),(15,'Khoa học','khoa-hoc','',1,0),(16,'Quốc phòng','quoc-phong','',0,0);

/*Table structure for table `config` */

DROP TABLE IF EXISTS `config`;

CREATE TABLE `config` (
  `config_id` int(3) NOT NULL AUTO_INCREMENT,
  `config_name` varchar(255) DEFAULT NULL COMMENT 'Tên tổ chức',
  `config_address` varchar(255) DEFAULT NULL COMMENT 'Địa chỉ',
  `config_phone` varchar(255) DEFAULT NULL COMMENT 'Điện thoại',
  `config_fax` varchar(255) DEFAULT NULL COMMENT 'fax',
  `config_email_send` varchar(255) DEFAULT NULL COMMENT 'mail gui tin',
  `config_email_receive` varchar(255) DEFAULT NULL COMMENT 'mail nhan tin',
  `config_website` varchar(255) DEFAULT NULL COMMENT 'ten website',
  `config_banner` varchar(255) DEFAULT NULL COMMENT 'banner',
  `config_title` varchar(255) DEFAULT NULL COMMENT 'tieu de ',
  `config_meta_title` varchar(255) DEFAULT NULL COMMENT 'tieu de meta',
  `config_meta_description` text COMMENT 'mo ta',
  `config_meta_content` text COMMENT 'noi dung',
  `config_meta_author` varchar(255) DEFAULT NULL COMMENT 'tác giả',
  `config_status_website` int(3) DEFAULT '1' COMMENT 'trạng thái website',
  `config_temp_close` text COMMENT 'thông báo tạm đóng',
  `config_instroduce` text COMMENT 'hướng dẫn ',
  `config_rule_register` text COMMENT 'quy định đăng ký',
  PRIMARY KEY (`config_id`)
) ENGINE=InnoDB AUTO_INCREMENT=2 DEFAULT CHARSET=utf8;

/*Data for the table `config` */

insert  into `config`(`config_id`,`config_name`,`config_address`,`config_phone`,`config_fax`,`config_email_send`,`config_email_receive`,`config_website`,`config_banner`,`config_title`,`config_meta_title`,`config_meta_description`,`config_meta_content`,`config_meta_author`,`config_status_website`,`config_temp_close`,`config_instroduce`,`config_rule_register`) values (1,'soft asiaj','số 5 hoàng hoa thám','0952221666','0952221666','quoctoan@gmail.com','quoctoan@gmail.com','Website thông tin trí việt','','Trang tin tổng hợp','Thẻ meta 1','<p>Nội dung 1</p>','','',1,'','','');

/*Table structure for table `menu_client` */

DROP TABLE IF EXISTS `menu_client`;

CREATE TABLE `menu_client` (
  `menu_client_id` int(5) NOT NULL AUTO_INCREMENT,
  `menu_client_name` varchar(255) DEFAULT NULL,
  `menu_client_alias` varchar(255) DEFAULT NULL,
  `menu_client_path` varchar(255) DEFAULT NULL,
  `menu_client_status` int(3) DEFAULT NULL,
  `menu_client_parent` int(4) DEFAULT '0',
  `menu_client_order` int(4) DEFAULT NULL,
  PRIMARY KEY (`menu_client_id`)
) ENGINE=InnoDB AUTO_INCREMENT=15 DEFAULT CHARSET=utf8;

/*Data for the table `menu_client` */

insert  into `menu_client`(`menu_client_id`,`menu_client_name`,`menu_client_alias`,`menu_client_path`,`menu_client_status`,`menu_client_parent`,`menu_client_order`) values (4,'Pháp luật','phap-luat','category/phap-luat.html',1,0,11),(5,'Đời sống','doi-song','category/doi-song.html',1,0,6),(6,'Kinh doanh','kinh-doanh','category/kinh-doanh.html',1,0,5),(7,'Giải trí','giai-tri','category/giai-tri.html',1,0,4),(8,'Thể thao','the-thao','category/the-thao.html',1,0,3),(9,'Công nghệ','cong-nghe','category/cong-nghe.html',1,0,2),(10,'An ninh - Hình sự','an-ninh-hinh-su','category/an-ninh-hinh-su.html',1,0,10),(11,'Trang chủ','trang-chu','',1,0,1),(12,'Chính trị - xã hội','chinh-tri-xa-hoi','category/chinh-tri-xa-hoi.html',0,0,6),(13,'Diễn đàn tri thức','dien-dan-tri-thuc','category/dien-dan-tri-thuc.html',1,0,9),(14,'Khoa học','khoa-hoc','category/khoa-hoc.html',1,0,7);

/*Table structure for table `menus` */

DROP TABLE IF EXISTS `menus`;

CREATE TABLE `menus` (
  `menu_id` int(4) NOT NULL AUTO_INCREMENT,
  `menu_name` varchar(255) DEFAULT NULL,
  `menu_path` varchar(255) DEFAULT NULL,
  `menu_parent` int(2) DEFAULT '0',
  `menu_active` int(2) DEFAULT '1',
  `menu_has_child` int(2) DEFAULT '0' COMMENT 'kiem tra menu nay co submenu hay khong',
  `menu_icon` varchar(255) DEFAULT NULL,
  `menu_display` varchar(255) DEFAULT NULL,
  PRIMARY KEY (`menu_id`)
) ENGINE=InnoDB AUTO_INCREMENT=25 DEFAULT CHARSET=utf8;

/*Data for the table `menus` */

insert  into `menus`(`menu_id`,`menu_name`,`menu_path`,`menu_parent`,`menu_active`,`menu_has_child`,`menu_icon`,`menu_display`) values (1,'Trang chủ','dashboard/display',0,1,0,'fa-home ','1,2,3'),(2,'Thành viên','user/listUsers',0,1,1,'fa-user','1,3'),(3,'Danh mục tin','category/display',0,1,1,'fa-th-list ','1,2,3'),(4,'Bài viết','article/display',0,1,1,'fa-list-alt ','1,2,3'),(5,'Quyền hạn','permiss/display',0,1,1,'fa-briefcase','1'),(6,'Thêm thành viên','users/addUser',2,1,0,NULL,'1,3'),(7,'Danh sách thành viên','users/listUser',2,1,0,NULL,'1,3'),(8,'Menu','menus/listMenus',0,1,1,'fa-cubes','1'),(9,'Thêm menu','menus/addMenu',8,1,0,NULL,'1,2,3'),(10,'Danh sách menu','menus/listMenu',8,1,0,NULL,'1,2,3'),(14,'Danh sách quyền hạn','usersgroup/listUserGroup',5,1,0,'','1'),(15,'Thêm quyền','usersgroup/addUserGroup',5,1,0,'','1'),(16,'Danh sách mục tin','articlecategory/listArticleCategory',3,1,0,'','1,2,3'),(17,'Thêm mục tin','articlecategory/addArticleCategory',3,1,0,'','1,2,3'),(18,'Quản lý site','sites/listsSite',0,1,1,' fa-trophy ','1'),(19,'Danh sách site','site/listSite',18,1,0,'','1'),(20,'Thêm site','site/addSite',18,1,0,'','1'),(21,'Thêm bài viết','article/addArticle',4,1,0,'','1,2,3'),(22,'Danh sách bài viết','article/listArticle',4,1,0,'','1,2,3'),(23,'Chức năng','module/listsModul',0,1,1,' fa-vk ','1'),(24,'Công cụ tạo block','blocks/listBlocks',23,1,0,'','1');

/*Table structure for table `modules` */

DROP TABLE IF EXISTS `modules`;

CREATE TABLE `modules` (
  `modules_id` int(5) NOT NULL AUTO_INCREMENT,
  `modules_symbol` varchar(255) DEFAULT NULL COMMENT 'Tên đại diện',
  `modules_name` varchar(255) DEFAULT NULL COMMENT 'Tên thực',
  `modules_position` int(5) DEFAULT NULL COMMENT 'Vị trí',
  `modules_path` varchar(255) DEFAULT NULL COMMENT 'Đường dẫn',
  `modules_icon` varchar(255) DEFAULT NULL COMMENT 'ảnh',
  `modules_order` int(4) DEFAULT NULL COMMENT 'thứ tự',
  `modules_status` int(2) DEFAULT '1' COMMENT 'trạng thái',
  `modules_userid_create` int(3) DEFAULT NULL COMMENT 'user tạo',
  `modules_userid_update` int(3) DEFAULT NULL COMMENT 'user cập nhật',
  `modules_userid_delete` int(3) DEFAULT NULL COMMENT 'users xóa',
  `modules_create` timestamp NULL DEFAULT CURRENT_TIMESTAMP COMMENT 'ngày tạo',
  `modules_alias` varchar(255) DEFAULT NULL COMMENT 'bí danh',
  `modules_name_model` varchar(255) DEFAULT NULL COMMENT 'ten model',
  PRIMARY KEY (`modules_id`)
) ENGINE=InnoDB AUTO_INCREMENT=39 DEFAULT CHARSET=utf8;

/*Data for the table `modules` */

insert  into `modules`(`modules_id`,`modules_symbol`,`modules_name`,`modules_position`,`modules_path`,`modules_icon`,`modules_order`,`modules_status`,`modules_userid_create`,`modules_userid_update`,`modules_userid_delete`,`modules_create`,`modules_alias`,`modules_name_model`) values (21,'Menu ngang','navigation',2,'navigation/listNavigation',' fa-list ',3,1,NULL,NULL,NULL,'2015-11-09 00:30:53','menu-ngang','menu_client'),(22,'Quảng cáo','advertise',4,'advertise/listAdvertise',' fa-renren ',3,1,NULL,NULL,NULL,'2015-11-09 20:11:53','quang-cao','advertise'),(38,'Công cụ route','route',2,'route/listRoute',' fa-puzzle-piece ',3,1,NULL,NULL,NULL,'2015-11-14 19:22:06','cong-cu-route','route');

/*Table structure for table `route` */

DROP TABLE IF EXISTS `route`;

CREATE TABLE `route` (
  `route_id` int(4) NOT NULL AUTO_INCREMENT,
  `route_name` varchar(255) DEFAULT NULL,
  `route_old` varchar(255) DEFAULT NULL,
  `route_new` varchar(355) DEFAULT NULL,
  `route_type` int(3) DEFAULT NULL,
  `route_status` int(2) DEFAULT NULL,
  `route_object` varchar(255) DEFAULT NULL COMMENT 'Tên đối tượng route ',
  PRIMARY KEY (`route_id`)
) ENGINE=InnoDB AUTO_INCREMENT=33 DEFAULT CHARSET=utf8;

/*Data for the table `route` */

insert  into `route`(`route_id`,`route_name`,`route_old`,`route_new`,`route_type`,`route_status`,`route_object`) values (19,'Danh mục menu ','navigation/display','navigation.html',1,1,'navigation client'),(20,'Danh mục khách có phân trang','client/category/listCategory/$1/$2','category/(:any).html/(:any)',1,1,'category client'),(21,'Danh mục khách thông thường','client/category/listCategory/$1','category/(:any).html',1,1,'category client '),(22,'Bài viết chi tiết','client/post/postdetail/$1/$2','(:any)/(:any).html',1,1,'Bài viết chi tiết'),(23,'Tiêu đề','client/tag/display','tag.html',2,1,'Tag client'),(24,'Menu ngang','navigation/listNavigation','admin/navigation/listNavigation',1,1,'navigation admin'),(25,'test','generation/test','admin/generation/test',1,1,'test'),(26,'Gen controller','generation/genController','admin/generation/genController',1,1,'generation'),(27,'gen controller tham số','generation/genController/$1/$2','admin/generation/genController/(:any)/(:any)',1,1,'generation'),(28,'Trang chủ','home','home.html',2,1,'site'),(29,'Trang mobile','mobile/home/display','mobile',2,1,'mobile'),(30,'Danh mục mobile','mobile/category/listCategory/$1','mobile/category/(:any).html',2,1,'mobile'),(31,'pt mobile','mobile/category/listCategory/$1/$2','mobile/category/(:any).html/(:any)',2,1,'mobile pagination'),(32,'bài viết','mobile/post/detail/$1/$2','mobile/(:any)/(:any).html',2,1,'mobile post');

/*Table structure for table `site` */

DROP TABLE IF EXISTS `site`;

CREATE TABLE `site` (
  `site_id` int(4) NOT NULL AUTO_INCREMENT,
  `site_name` varchar(255) DEFAULT NULL,
  `site_link` varchar(355) DEFAULT NULL,
  `site_type` int(3) DEFAULT NULL,
  `site_status` int(3) DEFAULT NULL,
  PRIMARY KEY (`site_id`)
) ENGINE=InnoDB AUTO_INCREMENT=2 DEFAULT CHARSET=utf8;

/*Data for the table `site` */

insert  into `site`(`site_id`,`site_name`,`site_link`,`site_type`,`site_status`) values (1,'Đất việt','http://localhost/cms/home.html',1,1);

/*Table structure for table `users` */

DROP TABLE IF EXISTS `users`;

CREATE TABLE `users` (
  `users_id` int(5) NOT NULL AUTO_INCREMENT,
  `users_name` varchar(255) DEFAULT NULL,
  `users_pass` varchar(255) DEFAULT NULL,
  `users_fullname` varchar(255) DEFAULT NULL,
  `users_email` varchar(255) DEFAULT NULL,
  `users_address` varchar(255) DEFAULT NULL,
  `users_group_id` int(5) DEFAULT NULL,
  `users_active` int(3) DEFAULT '0',
  `users_image` varchar(255) DEFAULT NULL,
  `users_created` timestamp NULL DEFAULT CURRENT_TIMESTAMP,
  `users_hint` varchar(255) DEFAULT NULL,
  PRIMARY KEY (`users_id`)
) ENGINE=InnoDB AUTO_INCREMENT=18 DEFAULT CHARSET=utf8;

/*Data for the table `users` */

insert  into `users`(`users_id`,`users_name`,`users_pass`,`users_fullname`,`users_email`,`users_address`,`users_group_id`,`users_active`,`users_image`,`users_created`,`users_hint`) values (13,'admin','e10adc3949ba59abbe56e057f20f883e','Đoàn Quang Hải','quanghai@gmail.com','số 8 thụy khuê',1,1,NULL,'2015-10-28 07:38:46','123456'),(14,'trantung','25f9e794323b453885f5181f1b624d0b','Trần Mạnh Tùng','manhtung@gmail.com','số 5 ngõ trại cá',2,1,NULL,'2015-10-28 07:45:11','123456789'),(15,'nguyenanh','e10adc3949ba59abbe56e057f20f883e','Nguyễn Ngọc ánh','ngocjanh@gmail.com','số 5 hoàng hoa thám',3,1,NULL,'2015-10-29 10:53:52','123456'),(16,'trongduc','25d55ad283aa400af464c76d713c07ad','Nguyễn Trọng Đức','trongduc@gmail.com','số 6 trần khát chân',2,1,NULL,'2015-10-29 11:03:10','12345678'),(17,'thanhtung','e10adc3949ba59abbe56e057f20f883e','Trần thanh tùng','thanhtung@gmail.com','số 181 tổ 54 mai động',1,1,NULL,'2015-10-29 11:46:40','123456');

/*Table structure for table `users_group` */

DROP TABLE IF EXISTS `users_group`;

CREATE TABLE `users_group` (
  `users_group_id` int(5) NOT NULL AUTO_INCREMENT,
  `users_group_name` varchar(255) DEFAULT NULL,
  `users_group_view` int(2) DEFAULT '0',
  `users_group_add` int(2) DEFAULT '0',
  `users_group_edit` int(2) DEFAULT '0',
  `users_group_delete` int(2) DEFAULT '0',
  `users_group_delete_mem` int(2) DEFAULT '0',
  `users_group_display` varchar(255) DEFAULT NULL COMMENT 'danh sach user hien thi',
  PRIMARY KEY (`users_group_id`)
) ENGINE=InnoDB AUTO_INCREMENT=6 DEFAULT CHARSET=utf8;

/*Data for the table `users_group` */

insert  into `users_group`(`users_group_id`,`users_group_name`,`users_group_view`,`users_group_add`,`users_group_edit`,`users_group_delete`,`users_group_delete_mem`,`users_group_display`) values (1,'Quản trị',1,1,1,1,1,'1,2,3,4'),(2,'Viết bài',1,1,1,0,0,'0'),(3,'Kiểm duyệt',1,1,1,1,1,'2'),(5,'Quản lý',1,1,1,1,1,'0');

/*Table structure for table `video` */

DROP TABLE IF EXISTS `video`;

CREATE TABLE `video` (
  `video_id` int(5) NOT NULL AUTO_INCREMENT,
  `video_name` varchar(255) DEFAULT NULL,
  `video_link` varchar(255) DEFAULT NULL,
  `video_status` int(4) DEFAULT NULL,
  PRIMARY KEY (`video_id`)
) ENGINE=InnoDB AUTO_INCREMENT=7 DEFAULT CHARSET=utf8;

/*Data for the table `video` */

insert  into `video`(`video_id`,`video_name`,`video_link`,`video_status`) values (3,'video 1','video-1',1),(5,'video 2','video-2',1),(6,'video abc','video/videoabc',1);

/*!40101 SET SQL_MODE=@OLD_SQL_MODE */;
/*!40014 SET FOREIGN_KEY_CHECKS=@OLD_FOREIGN_KEY_CHECKS */;
/*!40014 SET UNIQUE_CHECKS=@OLD_UNIQUE_CHECKS */;
/*!40111 SET SQL_NOTES=@OLD_SQL_NOTES */;
